"","MEblue","MEtan","MEmagenta","MEpurple","MElightcyan","MEgreen","MEgreenyellow","MEbrown","MEcyan","MEmidnightblue","MEyellow","MEblack","MEred","MEsalmon","MEpink","MEturquoise","MEgrey"
"Normal",-0.222047508326404,-0.108357942802164,-0.186640534842588,-0.0700623391915906,-0.0229775839465471,0.0482324891854614,0.195349399883974,0.144484986104236,0.136645954082538,-0.0978138405614144,-0.0667567856498512,0.129059362083014,0.156860705457234,0.111162012322101,0.153038675584221,0.027276124671462,-0.00471513389336035
"Normal.1",-0.281292163248005,-0.105768865925749,-0.187124006106757,-0.112923398678821,-0.0289591021359521,0.0290786630149683,0.173559589375294,0.177961789492755,0.114447648601848,-0.13803991960274,-0.0685382268173419,0.114048681381537,0.159646434154077,0.232133731615034,0.149146464124983,0.0680901580934774,-0.0352666085744288
"Normal.2",-0.273226292143587,-0.130598943092579,-0.17800416787476,-0.104598535049085,-0.0514079005287778,0.0583446732761003,0.208304406413379,0.158111537452127,0.106979206225333,-0.148133253607428,-0.0737776240192647,0.116721553532788,0.106850404233404,0.214448369668417,0.101777832197812,0.0960071463121065,0.0113782182711651
"Normal.3",-0.241877713481731,-0.112911668359335,-0.180718268237793,-0.0474714538356675,-0.0289766106544128,0.0498765046673785,0.19790281423286,0.14046791560889,0.144078324536574,-0.0883223017762662,-0.0639793634645576,0.145856336222821,0.145557630401099,0.0929316750758935,0.126727784237612,0.0310022508634504,-0.00383494557987915
"Normal.4",-0.268083674289703,-0.123553984781605,-0.186243802924948,-0.100046656634494,-0.0373741088797161,0.0621646619085551,0.172180351717774,0.171754498895807,0.0948471338878507,-0.0986637977014166,-0.0595669492764544,0.0900687382439195,0.129921122069726,0.0858581138424965,0.132782057205208,0.199810805543406,0.0916334749129534
"Normal.5",-0.106584700764372,0.0257201041960116,-0.2026245670206,-0.0614800131539024,-0.0611789631064894,0.0530113987839623,0.167308705559294,0.20251039580187,0.138316314777378,-0.193208562112388,-0.153486346632558,0.0191815612390931,-0.00688096201348628,0.0727484786005085,0.0639472450203267,0.0521920557301789,0.0187392006648334
"Normal.6",-0.127289166717355,-0.000195910727805977,-0.201299621089956,-0.0982972306632246,-0.0869598365396212,0.0250301824917558,0.142921744177694,0.189769021490319,0.058720820719738,-0.1376152159421,-0.0980068474205395,0.00423566972609429,0.0250187560685972,0.168618430377023,0.0908313929486965,0.0402122946387792,-0.0121273395157
"Melanoma",0.0633718096121896,0.0453046283675474,0.0335401277156246,0.0130108374095649,-0.095320437904466,-0.0529193457174908,-0.0526808473186662,-0.0209902970679387,-0.0476450492573338,0.0260766356851988,0.0197861986061677,-0.0269724406322576,-0.0526737108042415,-0.0215704702899547,-0.0434437917917331,-0.0120853066419489,-0.0347369894823466
"Melanoma.1",0.0619343299112878,0.039319973592394,0.05193966983086,0.0524106708678707,0.0241479323199672,-0.029377355958883,-0.0582054910761424,-0.0498362478425917,-0.0497668740216464,0.0039796383295478,0.0230377750676245,-0.0361967295134762,-0.0784721408395267,0.0703172862608518,-0.0500264520684645,-0.0122222738348122,-0.0307232672247562
"Melanoma.2",0.0112423966298789,0.00148973727479232,-0.00109355748103683,0.0465875907568208,-0.0506369349795489,0.00954222318540821,0.00522031783973945,-0.0219783983788342,0.0103691805113061,-0.0267661507361709,-0.0262687851372668,0.0213799035912561,-0.0212832697192434,0.0488347455399133,-0.0385103836211863,0.0132633934572748,0.0049397579229806
"Melanoma.3",0.0579130305455206,0.0637368142137794,0.0518706432584033,-0.0335954470250488,-0.0433729717347402,-0.0189197569346173,-0.0262207001210138,-0.0196137829933026,-0.00749351481624076,0.0151269969350967,-0.0407520138919808,-0.0782354687259924,-0.0385634749351172,0.0226202233536258,0.0130638856401458,0.0310293265545687,-0.0290375623706053
"Melanoma.4",0.0594408767641566,0.0243252904271934,0.0529606820416154,0.072423106871515,-0.0143084588171866,-0.0438402900703694,-0.0732363508309359,-0.0548086401792767,-0.0653462329247356,-0.00893538418998919,0.0263829417821048,-0.0121692114321597,-0.0598515725432154,0.0314667217090355,-0.060884433055618,-0.0108601068908519,-0.0249518747420942
"Melanoma.5",-0.024089057117696,-0.0258271032747946,0.0287762213111257,-0.0195178807288382,-0.0566249084227893,0.0164938377281338,0.00636935679538868,-0.00586772456663153,0.000965845367592956,0.00788104968648514,0.0110414924334975,0.00423388281599954,0.0440762849912697,0.0718765115955875,0.0423982994013587,0.0462245668660163,-0.029474976349782
"Melanoma.6",0.0747169868961684,0.0656372143341116,0.045622319157485,-0.0105632460088895,0.147037113059035,0.00547901381245091,-0.0273818084478386,-0.0296534649712676,-0.0231945273624728,0.0114961448976422,-0.00158723998632834,-0.0818282274723517,-0.0626815666160332,0.0113784479274783,-0.0077427099114966,0.0340861212128477,-0.00797366276500378
"Melanoma.7",0.0610495488339677,0.0538808005256061,0.0592003226198308,-0.0344215859117907,0.124429130036707,-0.0416126867918942,-0.0603483474546932,-0.0306191784856374,-0.0479578124503745,0.0341904086508888,-0.00179824481380396,-0.068398911000176,-0.005123739457642,-0.00407623739532691,0.0161251828259934,0.0279336210728425,-0.0259777847723897
"Melanoma.8",0.0762828329898581,0.0603922233018617,0.0553542666216977,-0.0239811292473736,-0.0462113305107707,-0.0404374619240216,-0.0723769227401601,-0.0314833548511244,-0.0482603808727058,0.00408492051066874,0.00207366240337526,-0.0734085570218488,-0.0385219286052408,0.00752444783635787,-0.0104698958976844,0.0398734232056712,-0.0197023285226062
"Melanoma.9",0.0706307019248749,0.0541974749016323,0.0452014872361172,-0.0153328270633758,0.0903504249863409,-0.00133965351302274,-0.0347705012829672,-0.0306522622252456,-0.0258016000020469,0.0181071852810002,0.00649652297745986,-0.0741150809128336,-0.0476787059649081,0.0296140055877613,-0.00879645540545135,0.0250541269292525,-0.0196479728331873
"Melanoma.10",0.065653795522887,0.0695822904537171,0.0678449437586335,-0.0967586680879533,0.0179384274179906,-0.0603869971583514,-0.0849852383305588,-0.0401780673420243,-0.0637716886346553,0.0959219279163988,-0.00462676517426631,-0.0933123367272113,0.0124768686253414,0.0466999030234622,0.0788328398305724,0.008671137860468,-0.0382982515799498
"Melanoma.11",0.0633633394547894,0.0522123961977526,0.0385158306396934,-0.0101186567288061,-0.0850870162918252,-0.0384910562399588,-0.0480153233982202,-0.0397244471096741,-0.0839968688375531,0.0650898933677346,0.0117398887883526,-0.0373867819036729,-0.0122643997728197,0.0260659243069056,0.00924653053826411,0.00149393330900188,-0.0255438586388943
"Melanoma.12",0.0609398072358187,0.0807149582318288,0.0649120469404618,-0.12298319124886,0.0166915627408539,-0.0265010752643051,-0.0694372266334792,-0.0204051745994136,-0.0516899004400144,0.118109168683943,0.00328378814731112,-0.115956050650595,0.00323062702811967,0.031401524729263,0.065823204029403,0.0567332993724051,-0.0302605368810977
"Melanoma.13",-0.0938215174960926,-0.0652474263373463,-0.201755852615121,0.002764450145088,0.0152593284476231,0.202073805376596,0.193304389191413,0.0977700489512099,0.199489290047962,-0.0901084212014527,-0.142522397847884,0.0373736717780481,-0.0417958667119708,-0.108047261394367,-0.0470099500779458,0.0105866189211071,0.082386791835341
"Melanoma.14",0.0427876425597026,0.0323875347520832,0.0452844471692428,-0.0278455997239213,0.00994176605839301,-0.0374656003391527,-0.0513645943225874,-0.0308735091568834,-0.030734283742831,0.0879935937509086,0.0367897953246392,-0.0283077547189501,0.0206074825895642,0.0169757831714308,0.0270030927817132,0.0184158709030362,-0.0138745906148147
"Melanoma.15",0.0524601486132773,0.0261468412889056,0.0433964102391867,0.0214429123434592,0.126281101088554,-0.0689524300097314,-0.0647416432880314,-0.0666713678286647,-0.0196578181493881,0.0759525103677755,0.0564837511442898,-0.0124778546232134,-0.0230057400672221,-0.00870872103432003,-0.0375266144233762,-0.0896117802087281,-0.0579778026753904
"Melanoma.16",-0.0273319008766823,-0.0811937491688348,-0.0129433004203325,0.132982043062051,0.0902437430506585,0.0244858263707042,-0.0112050519415069,-0.0318593605190201,0.0333965360738323,-0.043667846608539,0.0287159306484365,0.0760400498175336,-0.029044961799296,0.00386053045538012,-0.0536279840244777,-0.029632947873042,0.104384778526074
"Melanoma.17",0.025882065686991,0.00379564067065753,0.0307165714364645,0.11132274646324,-0.0775612445539637,0.0155384028349895,-0.0723112551437796,0.00333562580283637,-0.165803963539478,-0.16860931166401,-0.0111470768809957,-0.0739401863116726,-0.12154469082139,-0.0232045201410437,-0.0414189990189342,0.138113021637773,0.096204877390102
"Melanoma.18",0.0208090249419234,-0.00922712444051518,0.0559696605982096,0.0306750164628316,0.139307102502687,-0.0198919074146051,-0.0321544213551712,-0.0484868141613581,-0.0368531957426287,-0.00100816429847692,0.0617840857653119,0.0326381459695977,0.0262689135447431,-0.0131808594278363,-0.0139063202992161,-0.067324279875354,-0.08156997152824
"Melanoma.19",0.034688414966572,0.0506314401441441,0.0358269982266764,-0.0722549907479428,-0.054296359300679,-0.0449107700594534,-0.0591891217544972,0.0250550191865754,-0.0285355837499849,0.0893810264391703,0.0220679208638667,-0.0489144168608545,-0.00231260812305051,-0.0457763573330611,0.0315510772317524,0.0207869375377865,-0.0227842697985293
"Melanoma.20",0.0469298801958832,0.0360827840475223,0.0563496079902698,-0.0355926164733973,-0.0796949539286479,-0.0652639004715963,-0.0712691237562766,-0.042727569275231,-0.0380652941333523,0.103794903874782,0.0689277296692368,-0.00776486078869198,0.0212376026187413,-0.0602779344235228,-0.00968252201351657,-0.00911974283238805,-0.033384459677177
"Melanoma.21",0.0473306539680241,0.0561379648103213,0.0598789851677416,-0.0909633051113885,-0.0156732571732334,-0.0675063997768647,-0.0739248805166838,-0.0473946810673592,-0.064806193280327,0.117722422496513,0.027851046646697,-0.0386817430779207,0.0242158497651494,-0.0111252930738374,-0.0101620220674352,-0.0269140123160517,-0.0579844877121769
"Melanoma.22",0.0267724318062267,-0.00615767802541198,0.0257893683051526,0.055889715343405,-0.00844063044969468,-0.0587509088488778,-0.0196471295372545,-0.0549323578762788,0.00259111008678201,-0.00567203414788134,0.00784035452194731,0.0592247290427937,0.00333423888342633,-0.0558584717989508,-0.0795123259889661,-0.098899334847379,-0.0331924817331449
"Melanoma.23",0.00351712307103255,-0.0455595026028917,0.0335593686379897,0.093410311651467,0.0085340776526006,-0.078362050232663,-0.0439417034369799,-0.0675736899068688,0.0125869151506522,0.0503053105792409,0.114464295852652,0.11233341990742,0.0497834110682012,-0.0987560634577772,-0.0883774051682854,-0.11707038760951,-0.049807509188135
"Melanoma.24",0.0467283293266448,0.0182642904171829,0.0443073510117755,0.0482124684129184,-0.0691034634263845,-0.016742485801421,-0.0227313173969094,-0.0335494825445646,0.0121664986849283,-0.0250096966926066,-0.0148068892226928,-0.00592980141466523,-0.0341903765983878,-0.0328152930914314,-0.048526804127794,-0.0396185981255715,-0.0236199521614067
"Melanoma.25",0.0230966857637347,-0.00303088030030667,0.0105463850036498,0.045977443441211,-0.0722117269802284,-0.00140764664977116,0.0107314946880219,-0.03243855753992,0.0145085876398236,0.0104187875635227,-0.0044819845624904,0.0289749561216048,-0.00582898549607352,-0.0787072016280568,-0.0404551345586556,-0.0184200383328469,0.0118540114023806
"Melanoma.26",0.0424085856458957,0.0132417662045225,0.0422477808718843,0.0417051599073002,-0.0101699518551308,-0.0356434023912105,-0.0305211384866152,-0.0532401381699205,-0.0124032950391911,0.0188588914343759,0.0360452094384197,0.0206012131971183,-0.00267839036080406,-0.0240286314082249,-0.0366036414000866,-0.0766093539473205,-0.0579926149175521
"Melanoma.27",0.0577785597310326,0.0278613973113569,0.0572713760573232,0.0323864669869809,-0.0418024524992679,-0.0293192021180838,-0.0465137279349055,-0.0441878081236875,-0.0227154431002703,0.0251080300223409,0.0336873575403339,-0.00956399924593813,-0.01401717294108,-0.017137264115024,-0.0118340180294509,-0.0259523808601952,-0.0377146681858781
"Melanoma.28",-0.00781409641052015,-0.0279534045309732,0.0365264907189713,0.0628346817287639,0.0870043428301882,-0.0058939815486855,0.00376214897302945,-0.033918958723236,0.0229311054411335,-0.00527729321434403,0.0410991565027153,0.0396555434448436,0.0216158279126014,-0.0271216400839634,-0.0152158323856034,-0.0156771878722723,-0.0449427113595007
"Melanoma.29",-0.00771105379957346,-0.0772088920805134,-0.0134837312359051,0.0808376581970053,-0.0471182836147724,-0.0329309414039945,-0.0674796308557105,-0.0384152949582122,-0.1487914619915,0.0307337738585141,0.0400049892330816,0.0540000889629263,0.018028722882281,0.0736162485885621,-0.0172346294668506,0.0173848478342881,0.123273733709272
"Melanoma.30",-0.0509433298528858,-0.112181453910754,-0.0717604356197722,0.0948169433807571,0.095398847732362,0.205998903974672,0.0926800570024159,-0.0395104589694723,0.00571157508181701,-0.0111605134652473,0.0119233790492578,0.0922874796723387,0.0116001876096458,-0.159816697271947,-0.0575683401779964,-0.0835545689729786,0.140268787713496
"Melanoma.31",-0.0300819272205224,-0.0426442836855698,-0.071394638693108,0.0270569205370812,0.058434335938959,0.140661209245951,0.0996558035069156,0.0867109629926556,0.0662498794425589,-0.0453251275040704,-0.0622616536490814,0.02146891576501,-0.0370622411444901,-0.0937552345045058,-0.0545297336290536,-0.0562584865942742,0.063594355887819
"Melanoma.32",0.00411344065495099,-0.0494025019515058,0.000592633133342696,0.10716059366918,-0.0263915325187338,0.0190973872767147,0.0235095095532505,-0.0402201941497263,0.0151112452024076,0.0287629308826862,-0.00747640045075105,0.0673456903855807,0.00627613238725127,-0.109843933590352,-0.0452934467714231,-0.104505253230386,0.115230815873649
"Melanoma.33",-0.0205394501173374,-0.0369688521660204,-0.0985502298573172,0.0720353501895436,-0.0627444194943955,0.0350668782924504,0.0659434213206369,0.0996364805416534,0.104326966085804,-0.135254233540342,-0.0719936636867428,0.0152841672227482,-0.113163445739061,-0.0800389339349402,-0.107637802282893,0.000185453324977843,0.116483470754281
"Melanoma.34",-0.0636634356032707,-0.0390000519650864,-0.0944516559379033,0.00917111029340058,0.000557724164249417,0.1304609664382,0.124881025580742,0.142016048839821,0.0576088047287368,-0.0445997219695884,-0.0774506987890597,0.0491136448084104,0.023548624682655,-0.049786805508278,0.0161373097139143,-0.0033319945705381,0.071406171605849
"Melanoma.35",0.062285650569656,0.0375156473805342,0.0439680296792751,0.0512595312485426,0.154023853680726,-0.0254968392771621,-0.0386137773915068,-0.0443406951655204,-0.00708190713766212,-0.00558698103432338,0.0287079005521974,-0.0231686448561217,-0.053757680200979,-0.0483592886420574,-0.0430033100616092,-0.0366222224585661,-0.0398726488848494
"Melanoma.36",0.0459510091590106,0.0382886833406016,0.0255580752887127,-0.0102025586531146,-0.0588879828026323,-0.0166958438045893,-0.013406163735953,-0.025200904946675,0.0153570657346007,0.0302336661197656,-0.00635312606706994,-0.0200770359611997,0.00309609810700979,-0.0589173539494032,-0.000294712091317095,-0.00661259712318603,-0.0131974524746176
"Melanoma.37",0.0792848455664288,0.060237742796788,0.0592123805551699,0.0372854852022363,0.0832107407074198,-0.0234974501213398,-0.0477234413391001,-0.0447977800208874,-0.0236107036753022,-0.0237943904232369,0.0110333807513977,-0.051685524303624,-0.071827631127261,0.00807042072341773,-0.0554100700429772,-0.0245859861773624,-0.0502456091752874
"Melanoma.38",0.0488952341152957,0.0638273068554274,0.0459837629071146,-0.0714238575765462,-0.0746154311657008,-0.00244668588647284,-0.0305995094613799,-0.0215505204835256,-0.0122455401535768,0.029782591155182,-0.0257971573495311,-0.0724605451505089,0.0137623230391748,0.0105317479798531,0.0573476337566579,0.0157723982605907,-0.0371227954663566
"Melanoma.39",0.0218619939912458,0.0162581790014285,0.0597350963999756,-0.00232427347439232,0.00847723617197077,-0.0520245615311186,-0.0528390929079392,-0.0467634746806777,-0.0282383756167979,0.0773778252981304,0.0763725926595078,0.0203130592176051,0.0590615672369665,-0.0311758740413257,0.0201852592156364,-0.044212915112905,-0.0821463092733481
"Melanoma.40",0.0627057193608263,0.0897028038092455,0.0469383942899786,-0.143331233218019,-0.0523421233349133,-0.00369891499175815,-0.0444704671591659,-0.00592139119809184,-0.0369824646258735,0.0665407497933442,-0.0317705173063419,-0.119821444713961,0.0200968170970756,0.0286610780476206,0.108288619352442,0.0731289914499151,-0.0219755543147702
"Melanoma.41",0.0431054846336019,0.0530289504894251,0.0602471476543801,-0.0598163086485255,-0.0865111045744326,-0.0508607012867477,-0.0718315617199807,-0.0273317293150182,-0.0534307531983934,0.106277287738074,0.0675670824615211,-0.0319242179939433,0.0370234222766891,-0.00459718651545941,0.0321290224676667,0.0393505686865543,-0.0313948291369179
"Melanoma.42",0.0718815287359648,0.0656102923768339,0.0599227151905915,-0.0276092782618096,0.0421902897829235,-0.0578900037655508,-0.0707975935160421,-0.037410940765916,-0.0361511748728795,0.0578459789666228,0.00565680494228305,-0.0740586836597646,-0.0551658900103197,0.0200085725021681,-0.0097830131656194,-0.00535921973207523,-0.0529798595452296
"Melanoma.43",0.0259719457306412,0.0164882196266367,0.00123485356397974,0.0364908510767931,-0.0856855710017568,-0.0616270198676589,-0.0281437044552968,0.0632015443252923,-0.0332856882540777,0.000853271733232604,0.0358275460899886,0.017591588507045,-0.0249006966819566,-0.0182898378064501,-0.0681382283923458,-0.0686569199928097,-0.0367954315524121
"Melanoma.44",0.048473880366305,0.0453197971552052,0.0577464309502704,0.0187881542649637,0.133446785678413,-0.0649825244975683,-0.0562619479762569,-0.0458551272419487,-0.0263995975473209,0.0187637989977123,-0.00393377774833105,-0.0127751101496786,-0.0295010046245927,0.0389052372938794,-0.0295517899332819,-0.041529905467995,-0.0567262520750823
"Metastatic.Melanoma",-0.0430523738927546,-0.0701556854769476,-0.111743793572399,-0.0822572431331142,-0.0268523751988989,0.146662315752019,0.0403135319356932,-0.0306824270474413,-0.0950133513192173,0.0518349132437583,0.0423989872998308,-0.0147222727397523,0.0613477431309629,0.0666689644386265,0.13810202303963,0.0875741840058346,0.0450109363246889
"Metastatic.Melanoma.1",0.0183624158992934,0.0268787084612144,0.0172976545110849,-0.166850312469414,-0.027371492317383,0.0170613995609156,-0.0380427025540805,-0.0152993110367363,-0.0509673629442845,0.100586069376562,0.0371063825927094,-0.0543241558671347,0.0656910907766937,0.000602509373105533,0.190895369094892,0.0898751762194279,0.071798851339873
"Metastatic.Melanoma.2",-0.0053900246496713,-0.0418574697170735,0.0131971575549968,-0.0572593294781793,0.104886293058475,0.0600154843927551,-0.0151175416106586,-0.0492280035850476,-0.0635843589266447,0.0455805841568669,0.0595446035753521,0.0107425386897237,0.0715832334088728,0.0101227957000686,0.132109249139742,0.0624054243236701,0.0421506711949022
"Metastatic.Melanoma.3",0.011866932858967,0.0260292070129739,0.0650228533547197,-0.148432044452399,-0.0138190233178331,-0.0425932638056669,-0.0966570483400352,-0.019842845579857,-0.123024139628885,0.129883566101729,0.0327569822170035,-0.0868874364309448,0.103731841051823,0.0134660958874819,0.206438729462567,0.120396632934721,0.0554228453377648
"Metastatic.Melanoma.4",-0.0155942455872524,-0.0193502987827947,-0.0565753949198425,-0.0731358896461598,0.00800421395998686,-0.0102760507074813,-0.0058157917520052,-0.0215439389363931,0.0704777146155216,0.0245486878914617,0.00722212402284318,0.0120068736222067,0.0440238274504305,0.0257726122832872,0.117131792224799,0.0601332662699049,0.0836798532205935
"Metastatic.Melanoma.5",-0.0458674333422605,-0.0430139146155613,0.0150054645670402,-0.0681720259661268,-0.01545562359718,-0.0124102156626568,-0.0542673229699101,-0.0502227901151688,-0.0539639724471741,0.111278046730094,0.0451129994607393,0.0135077971419372,0.12837914178966,0.0942316875588005,0.177242325274834,0.0235953615970317,0.0455567448474813
"Metastatic.Melanoma.6",-0.067900870734054,-0.0122172525549302,0.0164288221704985,-0.265285075849316,0.00144182614386608,0.0666972921344412,-0.024696372469974,-0.0132083564317985,-0.10568481420497,0.137339497357756,-0.023742236644158,-0.130702495657211,0.103726412095014,-0.0812538181850728,0.270045199099474,0.149656137523121,0.120880393684892
"Metastatic.Melanoma.7",-0.0432193158724841,-0.0808969853429737,-0.0754296713562898,-0.034241237578358,-0.107576827942529,-0.052804513777697,-0.0676564032329028,-0.028550762283295,0.00606362380526659,0.0683445935029413,0.08769884807579,0.019029671357037,0.119360769249459,0.0298271924874128,0.137064368965112,0.0984061585098748,0.161253365576609
"Metastatic.Melanoma.8",-0.0138759573572699,-0.0537827350364036,0.0338436435918278,-0.0543350681812957,-0.0920874555087432,-0.0751882287860471,-0.110931699584653,-0.0510977572006082,-0.122107611864368,0.121782111532678,0.09656546586973,0.0023178759083216,0.133798052838654,0.0827296258993561,0.142366382233058,0.0698902633382252,0.0661043774464083
"Metastatic.Melanoma.9",-0.0707260401085979,-0.0779837324381672,0.0124016731846371,-0.178356449158057,-0.0585045514067812,-0.0450558539565489,-0.0962670348184037,-0.0177708578158942,-0.0733617883009531,0.156894787999307,0.0737623563060338,-0.0874273657352188,0.11257138948714,0.0190322924973647,0.198382882367113,0.160094411597142,0.117440696558918
"Metastatic.Melanoma.10",-0.0140587872953466,-0.0936499727210453,-0.0339770484860993,-0.00671867619839369,-0.103733249737724,-0.0883300801812502,-0.0983030888108669,-0.0446269304983962,-0.0858320947346144,0.140486146781709,0.113975661800625,-0.0182751096481094,0.0888668746725173,0.0946839949425432,0.0982249929435408,0.0630849253616135,0.074874622363737
"Metastatic.Melanoma.11",-0.015705806615106,-0.00645470857178728,0.0389343735314285,-0.186093062970686,0.023540812578993,0.00832911404647413,-0.0754230566293216,-0.0392838285224153,-0.16706912845347,0.112185273763882,0.0456281171353023,-0.0712419201894345,0.0950618677428237,-0.0192333872717548,0.183226249276475,0.0808402141846046,0.03923009334012
"Metastatic.Melanoma.12",-0.0293203639900793,-0.0710637932262394,-0.0310161709799687,-0.017520313704669,-0.0433270042754002,-0.0737617547843057,-0.0601927896433196,-0.0297423970231165,0.0410306609125895,0.110991862153726,0.0664989054384348,0.0220445246201944,0.111673524041299,0.0623561423028232,0.111584306186441,0.0374773097790961,0.133816662722701
"Metastatic.Melanoma.13",-0.0306920773650285,-0.0844058564018237,0.021797486208274,-0.0413478857921028,-0.0225585306000266,0.0242783658449665,-0.0334101703599446,-0.0303281734017779,-0.0800447222999189,0.0391994772118208,0.0246568972033164,-0.0239719238107949,0.0533440712837876,0.0582644844615976,0.107317895461661,0.111979623024377,0.100004574084918
"Metastatic.Melanoma.14",-0.0215927407865865,-0.0483089532008968,-0.0243365354553177,-0.077637663424036,0.0226812359477394,0.0418290068354913,0.00211619345637394,-0.0331007033659791,0.00704729577289558,0.0706323257804211,-0.0145418686406352,-0.00699808400362473,0.0570108642981658,0.00756699699702594,0.114570023000325,0.0400698809089684,0.070032680950089
"Metastatic.Melanoma.15",-0.0112767822214101,-0.0634677005082913,-0.068584166999355,-0.040556419187361,0.0748913917986171,0.0636239429357359,0.0265413787394803,-0.0273575796758375,0.0949930248630683,0.0116613663124078,0.0249692476352248,-0.00172864668536245,0.0144254991943755,0.0363591914802153,0.0755734298496882,0.0633209951796199,0.0841391650004175
"Metastatic.Melanoma.16",-0.0228618138108091,-0.0928863877924113,0.0182930493006296,-0.0126595198089019,0.0619852445126633,-0.0215238390972974,-0.0685906765933909,-0.0222305570077036,-0.0808207461241433,-0.0137851627936442,0.0276166222843078,-0.0240816109735034,0.0109549212195673,0.0456472832700485,0.069834927852007,0.140461822184189,0.119000963411507
"Metastatic.Melanoma.17",-0.0402228591105848,-0.102581493702518,0.0217194666283732,0.0232354009992111,0.0680676651525452,-0.0303840374284291,-0.0685668480912539,-0.0567423098802008,-0.134390078225746,0.016948014778222,0.0481425617592878,0.0440420108774118,0.0572646016069288,0.0842602979217459,0.064798342475343,0.018329088732432,0.0602263441157015
"Metastatic.Melanoma.18",-0.0277574146938447,-0.0952049209308472,0.0202660228566458,0.00425728601477038,0.0323499620446532,-0.0196827013739804,-0.0637850272307407,-0.0411675079465352,-0.124911241914388,0.0219009391777812,0.0378053714410125,0.00877331437167117,0.0421115870806002,0.0599284622245287,0.0624616133608355,0.0768687921952259,0.0902334014122187
"Metastatic.Melanoma.19",-0.0809070847919283,-0.0801625369028901,0.0162103282025035,-0.136482879542598,-0.0137937716125382,0.0128259371327378,-0.0346123927799307,-0.00721715065039299,-0.0307603877145154,0.00944228366135247,-0.0552612940085023,-0.0858033779617831,0.0339260807461294,-0.129221116770518,0.152810188207286,0.175389664352932,0.131858994764318
"Metastatic.Melanoma.20",-0.0141626916193105,-0.0647145733327797,-0.0868280004954024,-0.0369550553457007,-0.00993240331372227,0.0290989504182048,-0.0123993293373485,-0.0135566279410379,0.0221232683153295,-0.0432914990000381,0.0393441551673639,-0.00998957510702651,0.000968989428580259,0.071042330108169,0.0742865130451763,0.113822556710796,0.0828680425058022
"Metastatic.Melanoma.21",-0.0254674670395467,-0.0488200635158089,0.0302801899266164,0.048997831471953,0.0415662335003356,0.0278932061619558,0.00835641072065784,-0.0602536930298799,0.049645349508463,0.00436443391193593,0.0371529432943039,0.0457037827329032,0.0104311865194301,0.0209241784302431,-0.0470993252326939,-0.0697310575554686,-0.00943066663664531
"Metastatic.Melanoma.22",-0.00610301233673111,-0.0677098398445213,0.0516100140211856,0.142159284212771,-0.103457992786826,-0.0892375127962605,-0.046966367726665,-0.0639025648502079,-0.00324898210708953,0.0385922174694969,0.13670647944741,0.117168777228586,0.0738776829115003,0.103770090098152,-0.0577377762353366,-0.104822682951301,-0.0792293505834649
"Metastatic.Melanoma.23",0.0182050781015389,-0.058926992433219,0.0740373512183092,0.120137161441641,-0.101222149211399,-0.105101015301625,-0.0825995145264465,-0.0432393790128948,-0.0417123056505444,0.0440220012043482,0.058846674253882,0.0177516734367365,-0.0265943336186238,-0.00443364179416748,-0.055943341314259,-0.0535274807932557,0.0286669271629848
"Metastatic.Melanoma.24",-0.0295258274678104,-0.0481719184804841,0.0602654743044716,0.104855693488281,0.0553267038147206,-0.0290473093905248,-0.00916811407752916,-0.0581953375662961,-0.0281533545454034,0.0380212057268553,0.075895163860609,0.111686196913649,0.0737099344219866,-0.00864646861581281,-0.0235449769488475,-0.0511292746253038,-0.053377117953496
"Metastatic.Melanoma.25",0.046154363429549,0.0372162918296755,0.0641753918699951,0.0629774532684847,-0.0720111175354427,-0.00947617279680947,0.014207049255616,0.0258421337654997,0.104634230407012,-0.0655227863136895,-0.0234945172699627,-0.00487522258444384,-0.0664437127020102,-0.0462715417163103,-0.0905912303453515,-0.0776105004848394,-0.0449030948275427
"Metastatic.Melanoma.26",0.0106884599978969,-0.0508819874519398,0.0479653053612119,0.106763139340226,-0.0117144003435709,-0.0736553215163112,-0.0595865212080953,-0.0447311545198772,-0.00566687376983426,0.0173054869955285,0.0971623202945438,0.0894099947076537,0.0293432089944601,0.0347723974335249,-0.0588217318493818,0.00899692800069672,0.00587461956952445
"Metastatic.Melanoma.27",0.0147071441956582,-0.0249093641558978,0.0271371356068766,0.0794725110780042,0.00718830136242239,-0.0174518996828458,0.0513268657261873,-0.0298788461909974,0.124773400023422,0.00256714068069,0.0457616874712766,0.0886581254576685,0.046461055669938,0.0112083712147388,-0.065264141753141,-0.0938257670156372,-0.0103967172988314
"Metastatic.Melanoma.28",0.0260636116583603,0.000998889921041146,0.0339289548928404,0.0383788718045927,-0.00539920388496064,0.00957132750927612,-0.00634743466884287,0.00813826201854908,0.00898807740423393,-0.0844148802590969,-0.0450345953637948,-0.0389676176797034,-0.0639517349120404,0.0142786446935974,-0.0401921221215733,0.0802060141597296,0.0236711379650773
"Metastatic.Melanoma.29",0.0875552200436405,0.0694125587675033,-0.00661899110824357,0.0168699420470342,-0.0653792453852645,-0.0520020704946883,-0.0078789644420515,-0.0274050117373373,0.0791028909778024,-0.0497596372422318,-0.02669969457997,-0.0028020337082406,-0.0393134098671864,0.0394068578111674,-0.0344703683471113,-0.0514913392136822,0.0167064922606256
"Metastatic.Melanoma.30",0.0259288029568073,0.0217125210543566,0.0414728741908758,-0.00273873959419216,-0.0454769398532843,0.0150345200731891,-3.26764041084954e-06,0.0346213473175762,0.0734767170769378,-0.10788148044179,-0.0573603388197713,-0.0612269230604126,-0.0800367883767796,-0.058773889281487,-0.0463234871379438,0.0799797801716534,0.0372014233238322
"Metastatic.Melanoma.31",-0.0243039875646178,-0.0904372436757352,0.0019992182864813,0.063868874291864,0.0395603810863151,-0.0198297303826495,0.0182530985580602,-0.0326292349324903,0.104623947491879,0.0206411921021135,0.0822956026260947,0.0875464914718794,0.0437991463800119,-0.0342078880838362,-0.0469432006881629,-0.0485975510556406,0.0601756284714553
"Metastatic.Melanoma.32",0.0140067770559393,-0.0572683068923929,0.0371530367075929,0.0664752907840934,-0.0055543510452396,0.0269384202133044,-0.0246788119579849,-0.0464807729203293,0.0199123657881163,0.0131507853555678,0.0618962733191096,0.0391383453551621,0.0219227164690884,0.00594142558846987,-0.0253071500552162,0.00792820462347726,0.0328786329902576
"Metastatic.Melanoma.33",-0.0360337901929685,-0.0654482535893006,0.0214190182017908,0.0628204550851262,0.15793806664024,0.0788148477695573,0.0661780135270837,-0.0408887464835417,0.121905419503281,0.00192874359240493,0.00498618521907228,0.0771934886954488,0.0379585917430279,-0.0670301956688441,-0.065164178419806,-0.0652096091546851,-0.00498810489098528
"Metastatic.Melanoma.34",0.00660436061001111,0.014776749747809,0.0320321053476478,0.00862587524942989,0.133773043530242,0.0188306235940595,0.0330276927561923,-0.00280120450893928,0.0929614932980679,-0.0710273058934588,-0.0265419154711442,-0.00624029263791447,-0.0549793723709091,-0.0651937437831062,-0.0384147840700233,0.0381129864807271,-0.00124725745332894
"Metastatic.Melanoma.35",0.00392747744072714,-0.0562362065534185,-0.0228034090625833,0.0269030473070285,-0.0719502440994464,-0.058358920221656,-0.0511781015107347,-0.0254056595651178,0.0208576558750186,0.0352287502339561,0.0364833884868915,0.0168510716036997,8.65105732778356e-05,-0.019460521854014,0.0295532009886688,0.0314521684095221,0.110629722342367
"Metastatic.Melanoma.36",0.00867540385115781,-0.0563201207348505,-0.0200039815138112,0.0814634177347372,-0.0889172925348678,-0.112035632985594,-0.0559335698706304,-0.060956066828683,0.0402718688625566,0.088553362965812,0.0843013166996089,0.0914454312487976,0.0537197218989501,-0.0253788934105539,0.000747458447917976,-0.149993626421729,0.0632586835760932
"Metastatic.Melanoma.37",-0.0241987095345993,-0.0523080717087555,0.0793203660011744,0.0719350072281806,0.154484796016251,-0.0418314433930975,-0.0574587145182385,-0.0859226345027569,-0.069826013991072,0.11237074208971,0.0546938966413627,0.0628692041520355,0.0743531678116017,0.0119592996245367,-0.00286427522298746,-0.092697223847401,-0.036258605218398
"Metastatic.Melanoma.38",0.0881253108117924,0.0701158168383747,-0.000575434782519556,-0.0253078089473672,-0.0824916839964926,0.0268449313836526,-0.0143088922342228,0.00564926649743242,0.102925184191231,-0.142677539777171,-0.0826285981772136,-0.166267430462601,-0.16363349751188,-0.0777811203146567,-0.0322352170310878,0.10270326452943,0.0417271630881547
"Metastatic.Melanoma.39",0.0528957922908192,0.00966262779230569,-0.0852826004110175,0.0309031748604833,0.0117578702617452,-0.00618249315997163,-0.00148557125953987,-0.0242870103471996,0.0925895417604452,-0.0635606221852931,0.0435801461047523,0.00862970390456918,-0.0600421152454076,0.0245252071180331,-0.0686392074152826,0.0205623562877033,0.0298072110061523
"Metastatic.Melanoma.40",0.0750402593691223,0.0401666516744757,0.106228697304697,0.0743312341892305,-0.0201249943759436,-0.0582939966385039,-0.0806195565867264,-0.0601867173272189,-0.0776636499801981,-0.0518727232559757,-0.00852864728983964,-0.0124483278051235,-0.0450316323862164,-0.00308814931792085,-0.0378416091351899,-0.0175637032401824,-0.0124420814610729
"Metastatic.Melanoma.41",0.020908680813909,-0.0170322279107765,0.0408203277379917,0.100290694916055,0.0960257322633225,0.0352986136928202,-0.0230625808953335,-0.0856820278765967,-0.0683991186742578,-0.00393550670039293,0.0405438526935607,0.0613409153308908,-0.0325852739804759,-0.0873469616512706,-0.111168609378184,-0.118630732765833,-0.0639693624152249
"Metastatic.Melanoma.42",0.0248953229595158,-0.063848578002348,-0.00703139234101447,0.0380734143599577,-0.0312790961261978,-0.0516572844366563,-0.0641651589886787,-0.0404349108254327,0.047146109492503,-0.0269711532444654,0.0697275163050759,0.00763326990471641,-0.0403362934943153,-0.0535466206864532,-0.0471203651477343,0.0561666555930783,0.165139420180708
"Metastatic.Melanoma.43",0.124178318416417,0.154200620594982,0.0723754370009495,-0.0977036619639368,-0.0575509960264268,-0.0302661601477061,-0.0954804341428048,0.0157738342020916,-0.0996288153717451,-0.138591649610968,-0.157422290995973,-0.277762920231276,-0.187757798792524,-0.115311138806084,-0.00699370472104477,0.140276727329143,0.0697016135071405
"Metastatic.Melanoma.44",0.00849127916794642,-0.0338599554358908,-0.0039088080848158,0.0674034369804336,-0.047412814364078,-0.0418583661556088,-0.0341817942352006,-0.0553851389461138,0.00925646970498996,0.0403905303944789,0.0945435063,0.0771689536198849,0.0508246032014535,0.0882808997476356,-0.0306507754159377,-0.0294470983976887,-0.0160510425206236
"Metastatic.Melanoma.45",0.0826546762184714,0.041518162871749,0.10503052955667,0.0539253319319441,-0.008504346656451,-0.0347811360840949,-0.0816598943412043,-0.0358575409833279,-0.0708889698272848,-0.0632653211971565,-0.0210439335336629,-0.0485561508859006,-0.0586854536797189,-0.0174052095360666,-0.0167187408798064,0.0659986786507548,0.0239545454036193
"Metastatic.Melanoma.46",-0.083132141079672,-0.14950179529596,-0.0324234369113282,-0.0581133325031628,-0.0400414681433641,-0.0209320982525807,-0.0464939511896308,-0.0064678432804392,0.00360405988538115,-0.032348370577365,0.059284253075346,0.000833171189437093,0.0303733843035833,-0.305361061837557,-0.0241421614358654,0.17980138932019,0.225957479246208
"Metastatic.Melanoma.47",0.0050541268960222,-0.027176645174668,-0.000357065114207902,0.0264074891279415,0.0868533605854738,0.105349783779483,0.0265128220193,-0.0443305738986254,-0.0444994642202652,-0.0505451494696389,0.00889242365033282,0.00243573427125154,-0.0472256389160004,-0.0297745710606887,-0.0485794943254981,-0.00271253249944524,0.0219773796358164
"Metastatic.Melanoma.48",-0.00136256654907831,-0.0793192329683881,0.00373832048471379,0.0330448034623067,0.0209523627585277,-0.0704071067660122,-0.0621696501468597,-0.031459904630919,-0.0464639045354747,0.0102493672648697,0.0805591848663208,0.0507413578815517,0.0203177468581631,-0.0193930815024198,-0.00389643647205257,0.0637040959793709,0.156554733415604
"Metastatic.Melanoma.49",-0.0124445518940933,-0.0322010848950402,-0.0405590163826632,-0.00438193619783778,0.0599932987747074,0.157958129899462,0.0704945820735187,-0.0379965414918311,-0.0178832337106186,-0.0297586404681684,-0.00166046511123224,-0.00476193258205999,-0.0252179118162321,-0.05391760124698,-0.0307454634055601,0.0143990946683298,0.0233505424901156
"Metastatic.Melanoma.50",-0.00253445635646661,-0.0284179530152609,-0.0333802600683211,0.0240900240007106,0.0720834298518264,0.165241465802641,0.0803204523431073,-0.0422236969953916,-0.00990372660386018,-0.0322697868522393,0.0104568558442206,0.0173290523407338,-0.0186828140298758,-0.0344697296535229,-0.0420811219701636,-0.016465101298953,0.00640531466514055
"Metastatic.Melanoma.51",-0.032585490407177,-0.0733911454599033,0.0341777918644967,0.0662939252132678,-0.0600230377327953,-0.0451685569172544,-0.0403187801999244,-0.08063593652613,-0.0720019309532362,0.0428305089567764,0.0965900980652695,0.11640638477835,0.0900256127411306,0.0532516075751393,-0.0280581317914072,-0.0850131420150067,-0.0309467726645257
"Metastatic.Melanoma.52",-0.0595792532135022,-0.0472494258305253,-0.121377120393027,-0.00153716250706916,0.0358302364644121,0.174945229782528,0.131573621139311,-0.0315935375927499,-0.0112334411655103,0.0173839889155711,0.00701288023529593,0.0634093796849947,0.0615389030670865,0.0340597541521604,0.0116667788542752,-0.0375012351743806,-0.0378710468153111
"Metastatic.Melanoma.53",0.017698171522576,0.0333908870840399,0.0510552927485422,0.0650550627046365,-0.0591104076685625,-0.09198476384661,-0.00368866993479545,-0.00812906152399395,-0.00629515455207206,-0.00571033592252789,-0.013078139973602,0.0778171502183675,0.0448449304662851,0.00946768953200309,-0.0364198160323873,-0.0753341267830334,-0.0506168732385923
"Metastatic.Melanoma.54",-0.0302327208126365,-0.0555628667696918,0.0700141312007391,0.0298391450281587,0.166302598965495,0.00198327730491826,-0.0397807356757619,-0.0581623443970564,-0.0698073703480581,0.0978477032233391,0.0297659996462539,0.0268818826629146,0.0650095804607623,-0.00192852945903504,0.0533096477367434,0.00944351875636048,0.00950034743544674
"Metastatic.Melanoma.55",0.00755376868134776,-0.0630138034189778,-0.00326894793684231,0.0607807535443824,0.0230643487707062,-0.0815337153762082,-0.0628278365740706,-0.0507750791211514,-0.0354619651300008,-0.00673931551132109,0.0691488711218878,0.0601539955110537,-0.00462346783442957,0.0123088007894111,-0.0576603535079348,-0.0100358506711238,0.119272275436427
"Metastatic.Melanoma.56",-0.0441942633255426,-0.0624022478682981,-0.0388739797138563,0.00496020932401668,0.0497792237855591,0.112735129388137,0.0830875191132577,-0.0167472355738785,-0.00510481916748132,0.00657450245959166,0.0252388471887616,0.0316044940885856,0.0506581642652974,0.0495351448370355,0.0510880063794075,0.0380089855674135,-0.0015243631189087
"Metastatic.Melanoma.57",0.0917074146010924,0.0661196705092016,0.109926513375885,0.0546225748928386,-0.0104509995797492,-0.0392668341194852,-0.0462060325596746,-0.0450242543393453,-0.0131290664770493,-0.0175318952745306,-0.0326145852930603,-0.0492476960861049,-0.0659392821836563,0.0109178164667654,-0.0195233592727988,-0.0392091816022056,-0.0401918136213324
"Metastatic.Melanoma.58",-0.0545405647450237,-0.0563523836907485,-0.112686280631099,0.00204403908289407,0.0274661441354753,0.168420018879761,0.109927389507754,-0.0270776203991617,-0.040409215840093,-0.00344857796632144,0.0222664856485955,0.0615565554529075,0.0482970245178396,0.0826762302980157,0.0186393649322514,0.0190503135049239,-0.00281611754185222
"Metastatic.Melanoma.59",-0.0500774777560166,-0.0445876953584543,-0.0753378190334431,0.00510476840158558,0.0768867499722433,0.138564581811206,0.0886622347611471,-0.0532961829394968,-0.110344540162815,0.0241558625104349,0.0123678720906735,0.0601662566059146,0.0511509086372606,0.0891302389952078,0.00385805022236678,-0.0743084839312909,-0.0394624197507193
"Metastatic.Melanoma.60",0.0208314188325039,-0.0661312718992479,0.0772715753728424,0.109725272982788,-0.0540277716024758,-0.070378397399231,-0.0457423464152926,-0.0546837943517001,0.0658957722141967,0.050356903022998,0.121801021713324,0.064672068253267,0.013930082006051,-0.0411333792499012,-0.020604683267072,-0.00294757393443874,-0.0164598306938463
"Metastatic.Melanoma.61",-0.0575569132999456,-0.0749744143388315,-0.0685015886796758,0.0308311649448487,0.0851167066881647,0.144433492531773,0.0956320902945657,-0.0471852612554849,-0.0938958180463548,0.0244065865778698,0.0279686401700268,0.0766096212118113,0.0670636452089734,0.0768502234875876,0.00718852742656342,-0.0413244614339716,-0.0261937925536257
"Metastatic.Melanoma.62",-0.070946533456521,-0.0815842901028381,-0.00433583912795166,0.0712849892512123,0.0815539530798588,0.134996477915854,0.079874567526459,-0.0606646880362212,0.018637196346856,0.0137639762795167,0.0655721261012059,0.109577875359062,0.0541707982118193,0.0234727718553593,-0.0436961489698421,-0.102437150427887,-0.0360461649818254
"Metastatic.Melanoma.63",-0.0226591726015452,-0.0517628675368801,0.0106414178860475,-0.006072129409362,-0.0231523493372343,0.0703368495440223,-0.00908440485589408,-0.026040361646736,-0.0804550818919082,-0.0751600472956736,-0.0162605106405288,-0.0324734227156149,-0.0549376786785798,-0.076244647745678,-0.0420754694575806,0.0761430374011659,0.0670300942691579
"Metastatic.Melanoma.64",-0.0369065354318064,-0.0659858796750121,0.054065321770249,0.101983394828479,-0.00789663261789239,0.0738590965257758,0.0458471078907682,-0.0577527929168972,-0.0432907668194144,0.0009863644607409,0.0800541211480823,0.118265467060809,0.05915731616014,0.0220129060040411,-0.055857605571131,-0.120674921664087,-0.0554668243462597
"Metastatic.Melanoma.65",-0.00777779692815438,-0.0577571672815069,0.0249291102880913,0.0287637665585851,0.0829950837648303,0.0560100426316867,-0.033677894058121,-0.0637873720468599,-0.0890000514503406,0.0713842738873839,0.0688188475113791,0.0144128164304422,0.0104254646532914,-0.0536236692778281,-0.0331042683883988,-0.00431056725799074,0.0300003167332595
"Metastatic.Melanoma.66",0.0128533472808247,-0.0264748928010156,0.0554775943700588,0.0660546728525417,0.0436423799180583,0.0542904062690621,0.0155243576386467,-0.0328101061452057,0.0834631921408351,-0.0304067097451647,0.014577058225069,0.0137267334514087,-0.0254570976684223,-0.0919688665555611,-0.0177721349968002,0.022693921297102,0.00848115965200709
"Metastatic.Melanoma.67",-0.0396094828942462,0.0233502575018303,-0.0335979260236142,-0.0365990408054415,0.00396045335325473,-0.0154903735270017,0.0585403849618131,0.086970251848084,-0.00996958497185092,0.0679582029306633,0.0103132050996504,0.0441229385124824,0.0841900672405963,0.0662082078507971,0.0248006953907477,-0.0140341216142863,-0.0801474721602314
"Metastatic.Melanoma.68",0.0331191415830735,-0.0301099077797655,0.0479532078351696,0.0940205875700598,-0.0293232316243927,-0.103165078823873,-0.0930215184737249,-0.071556471432966,-0.0242439242877315,0.0163827913825518,0.0677142319040933,0.0570046796705678,-0.0292203516033243,0.0385133434542337,-0.0987574128833515,-0.0712531774878777,-0.0384003794084251
"Metastatic.Melanoma.69",0.0112323117338141,-0.0164379937088138,0.0450278142327802,0.0522751712551528,0.0482277969280207,0.0409600242991607,0.0130105336077527,-0.0453703811452761,0.0499981264679409,0.015243822017473,0.0365615981758292,0.0291400758565089,-0.00122972002043803,0.0280904701095537,-0.0304056569876661,-0.0232112808344108,-0.00152370664249291
"Metastatic.Melanoma.70",0.0249628082835563,-0.0383660282746322,0.0419073545248565,0.0518417657059067,-0.00815574598672447,0.0177846580040334,-0.0308341641464678,-0.0621020942600416,0.0137266119583014,0.0315155969053754,0.0532076383403586,0.0281757623183944,0.0158925996126646,0.00712789830117133,-0.0461432570819783,-0.0405352962285452,0.0172106421831694
"Metastatic.Melanoma.71",0.0483265035038814,-0.0200710293378554,0.0363857747033421,0.0861569746163838,-0.0945254402560196,-0.0583999545124215,-0.0653605461084769,-0.0402659417670497,-0.0253454884068441,-0.0205545578065008,0.0640472202615744,0.0150414810376059,-0.0242336216305163,0.0794101829253348,-0.0495218833788939,0.0218504247925284,0.00575848125836251
"Metastatic.Melanoma.72",0.00848055619807831,-0.0701551593438218,0.0731895437219116,0.113967962958916,-0.0526190855473787,-0.0729215247970543,-0.0267773010721157,-0.0581972099298318,0.087449518913795,0.0376759537537861,0.113638097744405,0.0759633603858268,0.0362890162745561,-0.0951526782568335,-0.0287825227252234,-0.0624290607560236,-0.0333470476429359
"Primary.Melanoma",0.023949091670869,0.0534137557353729,0.010407234274225,-0.0140066951072889,0.0635438707760261,0.0674990981646596,0.0235007079635286,0.0210671203646861,-0.00834722074742394,-0.105403416956497,-0.0995519203193905,-0.0976746404451278,-0.136605213115678,0.0271733556929651,-0.0829399118254476,0.0303720525121206,-0.0223765935057582
"Primary.Melanoma.1",0.0156604163407383,0.04046590423637,0.00168289391117022,0.0412734978177609,0.0591576361701419,0.0333102235743185,0.0593648230714404,0.045098939829268,0.00792554721606229,-0.0121407638862069,0.0105268586549604,0.0309667433823119,-0.0215073122387579,0.014986271237208,-0.0956354840070757,-0.151231563284639,-0.102012473170396
"Primary.Melanoma.2",0.0680759832935037,0.0871193288098082,0.0505884838795244,-0.0206423559510387,-0.077731394408065,-0.0575956773502904,-0.0395996474615284,0.0334342618116335,-0.0221841461533653,-0.110253124497028,-0.0854480859738078,-0.10209452825121,-0.135988465334877,-0.034301960451309,-0.066116515577805,0.0624616550942456,-0.00269991267923395
"Primary.Melanoma.3",0.0543753832657027,0.0815661466244843,0.0504230252995597,0.00200633974304588,-0.0491467976800644,-0.0939307316278944,-0.0412687849610805,-0.0325937922825907,0.0202177106994125,0.0644034077718803,-0.0321294427384807,0.0013684320208866,0.0202217551254707,0.0632575757353401,-0.0217385161419746,-0.093448861566371,-0.0555066878840922
"Primary.Melanoma.4",-0.0242510858743203,0.0425913480772609,-0.0470523934299027,-0.0587660462261759,0.0373303195565401,0.0538225301136874,0.0493151550304779,0.0873886053300081,0.0208241061480119,-0.0553480077677765,-0.0817931121491731,-0.0607899106389842,-0.0625119209643231,-0.0102325715740164,0.00182809358201466,0.0911455581602931,-0.00833490770470557
"Primary.Melanoma.5",-0.00870356549535208,0.0470705883660034,-0.00496574414149493,-0.0457484340076423,-0.0116082202291831,0.0204618397204724,0.0307884990249863,0.0670310662014865,0.0278593283027129,-0.0371501068167646,-0.0757802663512566,-0.058767948007945,-0.0683002371327531,0.0307977852767971,-0.0272014661023849,0.0195604787427024,-0.0499477698517218
"Primary.Melanoma.6",0.0183450273185884,0.0676056088475532,0.0367086065481465,-0.0411235627177612,-0.0113759526762311,-0.0409224445166176,0.0166510601910479,0.0269372440808195,0.0474918870583373,-0.0238895814685021,-0.0966081880699074,-0.0935547737730986,-0.068000361175747,0.0493063908185076,-0.013093355648888,0.0738016904931608,-0.000173539851255558
"Primary.Melanoma.7",-0.00625534320171247,0.0898456382094296,-0.0782055899263248,-0.0306206002672816,0.0124412041365421,0.0553774240837125,0.0887051556914937,0.111151519234793,0.0360136759205805,-0.0750967487354946,-0.103459404916434,-0.0336384881571188,-0.0765148826513208,-0.0234531980576645,-0.0535674002673556,-0.0492710999339803,-0.0885722490639183
"Primary.Melanoma.8",0.0189690499550651,0.0556923430480694,0.00483526696095865,-0.00349520863701083,-0.0136358480088952,0.0349130480011078,0.06686427799053,0.071576138702874,0.0680728451117528,-0.0702492425218494,-0.0655372053842152,-0.0315063063147236,-0.0662192788825364,-0.0483352125530159,-0.0606248632525015,-0.0186427635944345,-0.0438847825352918
"Primary.Melanoma.9",0.0259757024014338,0.0560293742544702,-0.0236620998308759,-0.00887587591447788,0.0270806962352886,0.0418395577958116,0.0531980539051428,0.0388077339778709,0.0705900531949121,-0.103522863119023,-0.091429228003955,-0.0453826335802629,-0.107686605998819,-0.00284500576112639,-0.0654676670107941,-0.00236539113689237,-0.0510062182809634
"Primary.Melanoma.10",-0.0111315976779559,0.0482190989645315,-0.0161709451157841,-0.0352228392649184,0.0399859138510055,0.062835340388429,0.0605800875498898,0.0595416965054635,0.0163203432514933,-0.0551926960817596,-0.075323872465711,-0.0580469359448866,-0.0625397842504523,0.0478738394790318,-0.0222851867000776,0.0383666984212865,-0.0456649651970004
"Primary.Melanoma.11",0.00650348663777045,0.0464919089028067,0.0179153427637851,-0.00895217063354924,0.0104768155338787,0.0153860091720219,0.0285865875113031,0.0451349575663051,0.0310001916819345,-0.0651603789663936,-0.0648653869065835,-0.0406192955218972,-0.0599899110282401,0.00999216989692654,-0.0365679421655508,0.0335196759644328,-0.0363085191169622
"Primary.Melanoma.12",0.0210406813428997,0.098425500765458,0.016379164005918,-0.038852937468252,-0.0796544945775142,-0.0669200855071404,-0.0119543055509886,0.0758055568702982,-0.037806906713922,0.0198312047770014,-0.0643332809630892,-0.0669479822268165,-0.0485372606168039,0.0280831875053647,-0.0042794129740757,-0.00447869451361575,-0.0808782826930412
"Primary.Melanoma.13",-0.0193590425129866,0.0493988828988217,-0.00501927390253078,0.0101667079167113,0.0829929967210495,0.00339485049527135,0.0671122872911899,0.0796219376339473,0.0409011284562682,-0.0473453442424433,-0.0496925903040358,0.0145457624843768,-0.0312215555491317,-0.00428530585670079,-0.0633857029275372,-0.0458882841964335,-0.0860024860514053
"Primary.Melanoma.14",0.022907048783128,0.0123126647010116,0.0347852615314414,0.049510857327385,-0.0558021255806384,-0.0235512701343293,-0.00803092929719825,-0.00248012763464369,0.0375611870987181,0.0131144620156491,0.00602912109402763,-0.000533215226295074,-0.0425402626605109,-0.0337978955432001,-0.0573355955880066,-0.0820602555022278,-0.0477326845020088
"Primary.Melanoma.15",0.00645925984318864,0.0496603300240507,0.00620328084637063,-0.0199226652973056,-0.00403326874699824,0.00495753178135624,0.0233983618735382,0.076474425215969,0.0661053371233984,-0.0932639322443534,-0.0935025210863447,-0.0641194315922171,-0.0970323913442077,-0.105619263028924,-0.043090037328353,0.04323293533197,0.00787985443781079
"Primary.Melanoma.16",0.0319681827551227,0.066649409317509,0.0577212197616224,0.0293630433572449,0.000361152982911108,-0.0169156328274965,0.0272415892126763,0.0250281640673682,0.0553491427301623,0.073142286359758,0.0160172934716875,0.0532614055284332,0.0450315243312235,0.00160636771276312,-0.0464706756805861,-0.172638301800153,-0.117213004506623
"Primary.Melanoma.17",0.0369053276904235,0.108155731507989,-0.030980629207028,-0.0072440627698382,-0.0364164294984244,-0.00707727767506789,0.0528098780464151,0.0991784880890805,0.0260539627767079,-0.0132970661109944,-0.0608797838294677,-0.0144948129426677,-0.06236038659563,0.00449509973861972,-0.0953179841326411,-0.159757883699968,-0.0970389699718235
"Primary.Melanoma.18",-0.00449897479310208,0.0632037163160479,-0.0806439707708264,-0.0962596393719618,0.0200018397655782,0.073639679020901,0.0482698551296465,0.0883565380623885,0.0243640673611087,-0.0980003137333006,-0.112132793387068,-0.0924889256684555,-0.105424232151505,-0.0247250691028933,-0.040155955386634,0.0310423470752827,-0.0343226786006034
"Primary.Melanoma.19",0.0266968187351348,0.0993972718779013,-0.0476135042207566,-0.0917352902603823,0.0591501526189763,0.0917507729209047,0.0920637406954418,0.0829247703883384,0.0419371523774004,-0.0637531313574687,-0.126197926718574,-0.134220555542484,-0.134361240099731,-0.0115884065562275,-0.0335839113112519,-0.003451261223314,-0.0687351488009826
"Primary.Melanoma.20",0.010869693846465,0.0126601595426815,0.0461416453469977,0.0666343202649549,-0.051449737796631,-0.0602448904745193,-0.0121261388608891,0.00435479092212411,0.0416855327293402,0.0102470301274016,-0.0110377609926959,0.0404680669658318,-0.0146435370308933,0.0147071634859647,-0.0905230171732941,-0.0918898458862373,-0.0627332657403488
"Primary.Melanoma.21",-0.0199209986511011,0.0194969891964163,-0.0443223107378503,0.0104754335487586,0.0336017728318099,0.0962641658634584,0.108118181480579,0.0574003470411592,0.0524886638766937,-0.0307292002907946,-0.0412404233498506,0.0329212292106891,-0.0107801692703712,-0.0177147310987581,-0.0713637400804415,-0.057423769406443,-0.0690514344889398
"Primary.Melanoma.22",-0.0468793211199401,0.0110059702880396,-0.00376761320334513,-0.00885995969904645,0.0137278273443354,-0.00234972500587411,0.064518169764068,0.0898380372180314,0.0716587205911091,-0.00947460113970704,-0.0471284590330223,0.00612475199743622,0.00360201564715305,-0.0385145952513104,-0.000396935990768346,-0.00788872790500558,-0.0435803044272249
"Primary.Melanoma.23",0.0379315102890903,0.036971279270934,0.0473462495144944,0.070107065669065,0.141914874951622,-0.0514728639606753,-0.0077976015334286,-0.0153105262664758,0.0516018330732505,0.0301361384021701,0.0345236302433903,0.0688379041133118,-0.0215173377375974,-0.00509061958103409,-0.094604884912508,-0.131834369312905,-0.0695449153248544
"Primary.Melanoma.24",-0.0085053584870005,0.0514332081253876,-0.0124258637125516,-0.025912313983999,0.0423305142560433,0.0305259785480656,0.0630767125391995,0.0718454657236057,0.0679181586340547,-0.0284965897465497,-0.0467971317665186,-0.0179240443903896,-0.0214403546965176,-0.143544019360975,-0.0193487605075312,-0.0337219164670087,-0.0549141546210971
"Primary.Melanoma.25",0.00111503884241613,0.00669577012617818,0.0355276248680622,-0.0191155344956653,-0.0483885254705809,-0.0547859807644002,-0.0695298086812284,-0.0352571523658345,-0.0572142152889923,0.0594286510794224,-0.0171937041181747,-0.0308233811480543,0.0236215927729524,0.0402123139092587,0.0249073289514219,0.00534916311972918,-0.019844421674762
"Primary.Melanoma.26",0.062375462601002,0.165178659003464,0.0275473614436262,-0.0777302877262164,-0.0391549600239932,-0.0152450134710676,0.0299353290839347,0.099215887266265,0.0283435735095044,-0.0092796828309438,-0.106365936197483,-0.105331812173305,-0.0503399298742246,-0.098910421062242,0.0278082533166811,-0.0238772700510641,-0.0618121848345538
"Primary.Melanoma.27",0.046053478158922,0.068188749745905,0.0628429859149014,-0.111785496545899,0.0711024815034839,-0.0320984830257888,-0.0528681412181778,0.0254542896725654,-0.0523089600946269,0.0400625772016216,-0.0447134322069953,-0.147726105894841,-0.0293269383017882,-0.184835370851112,0.0712100243324349,0.0413570411727856,0.00827281977689656
"Primary.Melanoma.28",-0.016925299596525,0.0504863496232087,-0.0449392397351901,-0.154554195093939,0.015809044536937,0.0768999094979346,0.0251559161828357,0.0710661000386925,-0.0226124344357986,-0.102420869239004,-0.134492797289637,-0.176730949151126,-0.118925278516568,-0.0126065347036401,-0.0123657914701163,0.171734186541845,0.0536209838928658
"Primary.Melanoma.29",0.0293937596539978,0.105221262382076,-0.00523512251947253,-0.0202685448291634,0.0327601773145599,-0.0188568209253994,-0.00476774690578629,0.0932253952673176,-0.0220578718625535,-0.0699836364581987,-0.0838744210367139,-0.067541309577159,-0.112253318507952,-0.0389554074354032,-0.0677048910740788,0.00854019925236893,-0.0612173998379558
"Primary.Melanoma.30",8.81089817186848e-05,0.0202117299468549,0.0642386304315591,0.0122712342245236,-0.0428888286383625,-0.0324659173895095,0.0113431675385384,0.00301298955318763,0.0653896842216887,0.0287347737821257,0.00855839260481424,0.0386312347779268,0.028443412585245,-0.0423969949273326,-0.0270107819936241,-0.021487738567359,-0.0248599443617801
"Normal.Skin",-0.0126223964141716,0.108262041288803,-0.0762158101169726,-0.127434885364632,-0.05906241785353,-0.0381836695386343,0.043835840301455,0.0990541317814893,0.0262263461124073,0.0807505278578023,-0.0701314268175682,-0.049760344574783,0.0633109350360274,0.0642767352981496,0.120006265559352,0.0142040291378161,-0.0496365542565303
"Normal.Skin.1",0.00616150545340384,0.12550725600566,-0.113458074821026,-0.00388645138192647,-0.0854093815323011,-0.0518873140821129,0.0810729705888925,0.128591667508731,0.0753914535795879,-0.0166351864370983,-0.0837872158746747,0.0336081987205905,0.02886660979797,-0.01737044865509,0.0208052763208803,-0.14933642399989,-0.122533154902613
"Normal.Skin.2",-0.0223372821236096,0.0709243063401809,-0.119755070513077,-0.00408734209368595,-0.100761476208397,-0.0486846061237278,0.056912210175027,0.124625341355227,0.039590736624315,-0.0431658438400501,-0.0827256506893314,0.0375503107719369,-0.00511344440345871,-0.0358675776910936,-0.0706998853823056,-0.132921338223437,-0.107087632113837
"Normal.Skin.3",0.0299808585514297,0.132445563199843,-0.0971280018867633,-0.0204400715605016,-0.0856326918874171,-0.038761809510002,0.0544465801032108,0.137785346649342,0.0523781892710983,-0.107807014554519,-0.120915538438074,-0.0305973495384451,-0.0904380474430553,0.0125609210338976,-0.0556289211210153,-0.023887218153725,-0.0880346844315015
"Normal.Skin.4",0.00908415653595268,0.113380109190616,-0.104865761275788,-0.0220380259352609,-0.079614089948535,-0.0319083980035973,0.0603413144504816,0.131174458042238,0.0715268916691977,-0.0987773684714531,-0.11937084483795,-0.0294205473405944,-0.0778156292362838,0.0130919640417032,-0.0657250000900722,-0.0383364391135205,-0.0813089677436733
"Normal.Skin.5",-0.0281461996811712,0.0722456161085766,-0.129600945223617,-0.057969938308163,-0.0838405464774656,-0.0335688138531969,0.0174962893793566,0.113001906561886,0.0190144637600426,-0.0965179362472581,-0.135237387615453,-0.0557090974055108,-0.102565601610807,0.0425018169455937,-0.0619754168798693,-0.00120953285122663,-0.0713088251653925
"Normal.Epithelial.Melanocytes",0.0650212778427001,-0.0113148856680649,0.0878104492183,0.142332818280865,0.227396386755239,-0.111937418300348,-0.096277016080056,-0.109178487457864,-0.11063161945627,0.0324546603005631,0.153551912295546,0.121340988888232,0.0426385510118391,-0.0649841557402688,-0.0471631466334575,-0.0883054400084876,-0.0523926776814757
"Normal.Skin.6",-0.0170673147025908,0.104406965931022,-0.121743968519431,-0.0353422294201356,-0.0841237108424533,-0.042841055825254,0.0565335998363875,0.119565981772336,0.0658493418550871,-0.0073502124844843,-0.097132584438297,0.0106856086755543,0.00235723271413311,-0.000838113821705624,0.0331410068512645,-0.0779919816517236,-0.0875628432651545
"Primary.Melanoma.31",-0.0585937328186869,0.0177083672484677,-0.122542088564883,-0.0590417405428275,0.0149552003293164,-0.00878589057628689,0.0877758806194725,0.130902690324116,0.0809484787602181,0.0069640841911572,-0.0712911272855981,0.037216428378284,0.0601407821986822,-0.0633104596005565,0.0438218223917301,-0.0839947520887885,-0.0653635853985296
"Primary.Melanoma.1.1",-0.0263510034487011,0.072479356381003,-0.103452055378417,-0.0402183126267802,-0.0144564828503665,-0.057599092652117,0.0242363117724924,0.142340524268666,-0.0606286945993748,0.00690663113815635,-0.0780229437696603,0.0270198472977399,0.00578645356339407,0.0905165397858609,-0.00107861634677503,-0.06350558420598,-0.112606033584101
"Metastatic.Melanoma.73",0.0480007467004627,-0.0106414760319853,0.0914066459063812,0.0861736248595216,-0.0737066355222043,-0.137075183359332,-0.125896242455177,-0.0888149848106592,-0.119496938812388,0.0621707410838436,0.101497875247902,0.0519241448349514,0.0339102134731593,0.0519297751632519,-0.0259719088978222,-0.093490798524127,-0.052502290944253
"Metastatic.Melanoma.1.1",0.0555129775031863,-0.000642327411671228,0.0914051379152119,0.0769900546235157,-0.0465569424576113,-0.0641980422246107,-0.0685201120920663,-0.0535703849977471,-0.0426116595348528,0.0374628396580241,0.0936067901843485,0.0202401157918581,-0.00329411193295101,0.0360502987590978,-0.0267583351241236,-0.0100638462175537,-0.021933940940075
"Metastatic.Melanoma.2.1",0.0058126967897521,-0.0307386470243772,0.0652605354492911,0.0578446690533057,-0.016054170219473,-0.0378674216424905,-0.0135336126481389,-0.00105580545474955,0.0068744680439958,0.0243063772661311,0.0713258756606252,0.0461839466074069,0.0190807302019457,-0.0250268398288972,-0.0258855252188344,-0.0303181960400754,-0.0394638522539563
"Metastatic.Melanoma.3.1",-0.325731613885046,-0.311593991317611,0.00532149451451878,-0.0176084704838144,-0.0305916475143755,-0.104469898514216,-0.0492093924043971,-0.0768208280726314,-0.0695009674504652,0.0652912839907736,0.150333720981075,0.131470972343097,0.13572344369087,0.0768617164761682,-0.00364716117211283,-0.0271815864445066,-0.122853006102033
"Metastatic.Melanoma.4.1",0.0988837122052733,0.0454360386027244,0.0925997993435857,0.0828530266288389,-0.0257269844765858,-0.0846455715052866,-0.0727115346918073,-0.0170977752739888,-0.0530450368737368,-0.0216244760099103,0.0572642369019933,-0.0208798790323014,-0.0674878293346151,0.0192765329639814,-0.0394469195561474,-0.045490932463906,-0.0651778514296809
"Metastatic.Melanoma.5.1",0.0609554518781595,-0.000348088209780602,0.0916662375689117,0.103904881412615,-0.0611471907524706,-0.0862870561435937,-0.0857883362148573,-0.0701949303903421,-0.0630064587631903,0.0661155089185749,0.0992366072583138,0.0253865007905107,-0.000810834305139258,0.0468920935876353,-0.0416123997428078,-0.0464655642112518,-0.0386292564177504
"Metastatic.Melanoma.6.1",0.0204023691512537,-0.0190815910679359,0.0517821203547668,0.0532186553414893,-0.0643213363902937,-0.0604645514423638,-0.0573792330954695,-0.0532539821812661,-0.0555080812524998,0.00814425147230128,0.0606465625316606,0.0352969648156754,0.0105030919002454,0.0487217156039291,-0.0127043833219907,-0.0243505294770537,0.00176954931721716
"Metastatic.Melanoma.7.1",0.0323080042319865,-0.0217484441781842,0.0637903442296408,0.0795325002911201,-0.0745784452572138,-0.0733026465850443,-0.0691376887120557,-0.0557808753691175,-0.0453302703898971,0.0149153556481723,0.0734427245623366,0.0381694395300297,2.98849839316142e-05,0.0376931015906281,-0.0495058582930459,-0.0336053769154021,0.00559387543389498
"Normal.Skin.7",-0.0664970090002363,0.0707068467759654,-0.156445332967402,-0.100339277887673,-0.0526720754393324,-0.0337842688717941,0.102008382639493,0.181554647217653,0.0108260514539743,-0.00151894331707053,-0.121037888983266,0.0102043668344872,0.0489060701571413,0.0724713437139167,0.061652418375346,-0.0101835204141664,-0.0799198590238279
"Primary.Melanoma.2.1",0.0392930030680624,-0.0279759838841813,0.0782020918478681,0.11637602576754,-0.0994453523889988,-0.102676891063027,-0.109201600023364,-0.0604652896105846,-0.0477113179972682,0.0389127093678173,0.0932988620787512,0.0313520147108297,-0.0257409132938655,0.141801715902009,-0.0463974707201062,-0.0325779803385586,0.000266047862675225
"Metastatic.Melanoma.8.1",0.0102759134809644,-0.012511324119023,0.0183032897501001,0.0261244903542488,0.171118457279086,0.0152996745022098,-0.0230897997388612,-0.051391476690215,-0.0233530105011285,0.0340036285391561,0.0317878350139367,0.0190835037448592,0.0268592659912313,0.0171284595955221,0.0162214976941221,-0.00443248226739194,-0.0327686477078003
"Metastatic.Melanoma.9.1",0.0208557620772497,0.000459745490914041,0.00898399582428437,0.0112410727985506,0.0569381642545736,0.0589210687880648,0.0415535576777038,-0.0248839075995219,0.0619773942077804,0.0143551234072206,0.0147065483489364,0.0246884766412876,0.0253920264854418,-0.0623899073774521,-0.00873375267591594,-0.0226235170262333,0.0184269084977749
"Metastatic.Melanoma.10.1",-0.0548312919321144,-0.00604789275758882,-0.105951280489783,-0.0409706854861423,0.0332586243923939,0.0482165622280107,0.107199939797972,0.116495088389527,0.101376918767699,-0.0230903185721194,-0.0562557422529229,0.0196627506366194,0.00608544819389829,0.0567074041966407,0.00127320363079074,0.0140258391330985,-0.0614393420282514
"Metastatic.Melanoma.11.1",0.017624348888836,-0.00264809629006625,0.0455210293407165,0.00811364663669155,0.0575010881717958,0.0318233633155842,-0.0133661101706047,-0.0365255018022303,-0.024689468592608,0.0359162367077697,0.011862045608277,-0.0201550711685254,-0.00114974558779294,0.03207518277467,0.0206747239725809,0.00508378512380912,0.0639939511983232
"Metastatic.Melanoma.12.1",0.0030321574913241,-0.029331068699449,-0.053321301747807,-0.0372718210964192,-0.0372551893476273,-0.00193648811820788,-0.0162708267022478,-0.022978912773005,0.0437878300904547,0.0692729251251436,0.036786199491148,-0.0210054008546557,0.032085151853387,0.0335894638339947,0.0549662929846202,0.030750301177317,0.095240091785268
"Metastatic.Melanoma.13.1",0.0476630616229451,0.021854445777079,0.0569855288078238,0.0387256330815736,-0.033102254325722,-0.0227809490441229,-0.0533159147570835,-0.0362122595366953,-0.0431908133701327,-0.00713406984736442,0.0296859774029226,-0.0213265064265868,-0.0345484395967775,0.0270799417199721,-0.00134466509697639,0.0420260190662523,0.0313164416034123
"Primary.Melanoma.3.1",0.061164281989265,0.0274901329475773,0.0840985702052291,0.0518853932810603,-0.0217795765834918,-0.064045162808281,-0.0716113334090817,-0.0353690280214174,0.00224553325626801,0.028335975000319,0.0360387157488371,-0.0319271435984776,-0.0366986139221613,0.0120570359638089,-0.019413919587464,0.00737289694923275,0.0100115464500535
"Primary.Melanoma.4.1",-0.00134593165898714,-0.0312973263646915,0.0614887991548667,0.0306979410883689,-0.0157448409591683,-0.068828888360658,-0.065801483531256,-0.00339483054453034,-0.0401565886292924,0.0484944190758994,0.0408338830953729,0.00652074008182409,0.0299630512630636,-0.0575866394346482,0.0117519601602711,-0.00380946332264315,-0.0062220674476043
"Primary.Melanoma.5.1",0.0181886906978423,-0.0141663658305093,0.0346293943065622,0.02213932666306,-0.000846592145767724,0.0252972667087553,-0.00756113710731416,-0.0324155538088599,0.0197919479806039,0.0142388765935989,0.0395197508455772,0.0104324277419872,0.0155309045184475,0.0686842510260676,0.00181567345181539,0.0041988751227609,-0.0551651306245132
"Primary.Melanoma.6.1",-0.0453814500584049,-0.0587219578373392,-0.0523636427449345,-0.0357995124342946,0.0809695059073237,0.104351092953306,0.0574283732889454,0.0122005460211159,0.0522743118804152,0.0411075713117351,0.0118742949550851,-0.000757732306857749,0.0260939281879121,-0.0101714592581652,0.042511007881738,0.0412854852234364,0.0227958061122557
"Primary.Melanoma.7.1",-0.0403459752542384,-0.000122000876278619,-0.0674985431928368,-0.0813829326686894,0.00509687400303339,0.0809222387002133,0.0997806049338462,0.0849574047597354,0.146758151944373,-0.0145230577514451,-0.0936051725888814,-0.035495338470031,0.00319809001291071,0.0197252039158137,0.0564823190963758,0.0353756126688633,-0.0432079032128012
"Primary.Melanoma.8.1",-0.0319720739806185,-0.0190841781034618,0.00830341161186113,-0.0372439435393079,0.0516296212364404,0.0702172161569149,0.0442069311586478,0.0549011666398503,0.030919672762944,-0.0543283921622409,-0.0731981357761783,-0.0227590865429852,-0.0183375441697815,0.0729471097558998,0.0041577045495822,0.0546778412552453,-0.0438201430436331
"Primary.Melanoma.9.1",-0.0537913909422308,0.00117716102146767,-0.0408308240349001,-0.0693941222373014,0.000779715531297373,0.0443724743630615,0.098376374981785,0.116636111229545,0.0781474730966403,-0.0824716192837851,-0.0891789219863257,-0.0155442791134489,0.0137231969801713,0.0627786070406787,0.0352411238818878,0.0456668123604822,-0.0932399200071296
"Primary.Melanoma.10.1",-0.205251545750198,-0.157137455070989,0.0259175269407582,-0.0676152049597671,0.00609272343655287,-0.0039572645399011,-0.0080990941082882,0.0212518760993693,-0.0156033838938625,-0.062691148427453,0.0133226526286451,0.0494793201153101,0.0674024525733017,0.0881010954141434,0.0408754226934467,0.0903531664872692,-0.112653961074082
"Primary.Melanoma.11.1",-0.0723770763387549,-0.0395672497858031,-0.0574251838173054,-0.0718747190638923,0.0330974723071355,0.0936380356636597,0.109885585860358,0.0724090693759449,0.122053382048844,-0.0273293113903086,-0.0688050262141283,0.00875857992700914,0.0431175872489432,0.0313015577080104,0.0299601319304525,0.0347728411196599,-0.0514850217854107
"Metastatic.Melanoma.14.1",0.00125897945275931,0.00331566164891469,-0.0398610379108845,-0.00986550808307727,0.0887001523596265,0.153468966761728,0.0907903999198972,-0.0234781059663725,-0.0400017138297204,0.0260799566446976,-0.00128230317028559,0.011234979908949,0.0348544097559663,0.022492830848748,0.0317930258064975,-0.0393945287007116,0.0011147535640297
"Metastatic.Melanoma.15.1",0.0117589311266778,-0.0103857721855092,-0.0629936277438535,-0.0178480257974052,-0.103798533536655,-0.0578182817991289,-0.000699570730757991,-0.031145153328812,0.110810747616248,0.0566104623353017,0.0243073427374578,0.0165669635763263,0.0481684398176829,-0.0764347322330777,0.0202189652877474,-0.0199753976460462,0.105939518407875
"Metastatic.Melanoma.16.1",-0.262317137945515,-0.249410502179562,0.00626662582411415,-0.0602867392995778,-0.0159462253909899,0.0239634880449584,0.0056757497725635,-0.0461284702234632,-0.060827931804687,-0.0483892125074721,0.087723460251829,0.0975492645970595,0.107453082289547,0.115827218398993,-0.0220600504942547,0.0627532357606847,-0.0971799500162471
"Metastatic.Melanoma.17.1",-0.00445225080797026,-0.0101387857437974,-0.0447791994880358,-0.0245134927234716,0.0934534798230313,0.099590094540017,0.079186225470676,-0.0150979188504585,0.112742281053115,0.0122541428173198,-0.0129029495775206,0.0132866789407692,-0.00100738187878717,-0.0250181225571051,0.0224110813334582,-0.0136627141477865,0.0477531231298639
"Metastatic.Melanoma.18.1",0.0281966737758616,-0.003893052236328,-0.0566588229667577,-0.0449276394650208,-0.135272819820332,-0.107862731376602,-0.127814093175792,-0.0468861458710427,-0.0251956535361593,0.0537782249622116,-0.00022590848656113,-0.0491306277582893,0.0170578135268543,-0.0562465981597419,0.085613713876564,0.0474581497442467,0.18091188800512
"Metastatic.Melanoma.19.1",0.0464550908495528,0.002487033819572,0.000621552121756624,0.0582826313720234,0.0471146380970039,0.038416219264449,0.00145521892398005,-0.0528397627459806,0.00758387432989378,0.0137807704510978,0.0670790030022977,0.0331027371977806,-0.00490206861925148,-0.0269917243677505,-0.0424623217217351,-0.0292392911421758,0.0736364118512766
"Metastatic.Melanoma.20.1",0.0132190231825767,0.0468995009266139,-0.0373956008234753,-0.0708458018136456,0.0181173789312282,0.15300801755246,0.0818385007240867,0.00780631840367176,-0.0376224375503745,-0.0750898138075974,-0.117185913357812,-0.0882736081198728,-0.0398402530747756,-0.0621245501318502,0.0924429120938833,0.0614788964798945,0.0413202262432714
"Metastatic.Melanoma.21.1",0.0652282920896343,0.0623983389479648,0.0511388238986287,-0.00938033777724344,-0.0567715934411381,-0.0382191530446356,-0.0102763618961341,-0.00862798012932719,0.0528430179750493,0.000424500483207462,-0.0593072066775372,-0.0532098536041266,-0.0385667763040027,-0.0133361888135904,0.0215858886957506,0.029320845956389,0.0499215277751016
"Metastatic.Melanoma.22.1",0.0136548327250741,-0.00850890947184277,0.0440274893429681,0.0359468343013531,0.0660494779270095,0.0315421061676126,-0.013708503687261,-0.0507521781369547,-0.0679595964620554,0.0382300417951706,0.0256162787364661,0.0243110608399419,0.0235238242041308,-0.00232130884213693,-0.00411921632686644,-0.0292840860191448,0.0847607843564685
"Metastatic.Melanoma.23.1",0.0341919165781907,0.000595253012659117,-0.0498981115495579,0.0228862013949389,0.191551421957505,0.0546767462682948,0.0377715187773933,-0.0360519054807363,0.0479443899309893,0.0043839574012226,0.0377778048228214,0.0463783511982053,0.0129260776125269,-0.173410939563793,-0.0546135736693,-0.0673420685263528,0.0693469680504084
"Metastatic.Melanoma.24.1",0.022893049084438,-0.00661417533171738,-0.00314242734525481,0.0486127511727454,0.0158149223245637,0.0505885145836389,-0.00687074144027806,-0.0480461348017777,-0.0802214498526479,0.00608737419524378,0.0337086022075097,0.0408816859703676,0.0102457994511074,0.078290514287329,-0.0603560287596757,-0.0358262129352492,0.0132799615663209
"Metastatic.Melanoma.25.1",0.0191380804226928,0.0055572800307028,0.0376982585680992,0.00316936232955042,0.00364986454745693,-0.014132053554075,-0.0248200653719482,-0.0329095892920256,0.0354942505879494,0.019281990171471,0.00944941284345883,0.00510823817480942,0.0245451937563774,0.013580979681532,0.0287530769201967,0.0108830977332386,0.030774081613054
"Metastatic.Melanoma.26.1",-0.0512220619269701,-0.0304640698753031,0.0353195466904048,-0.0317063383864282,0.0205033764571008,0.0603827737424752,0.0568783152103521,0.00856995869254813,0.089466677021945,-0.0575189109633169,-0.0288273020863847,-0.0455203836340501,-0.0335214355893968,0.0843313592396414,0.0418019631812551,0.0910431927339234,-0.0695539177862942
"Metastatic.Melanoma.27.1",0.100650279094213,0.0866454730421785,0.0916922947568293,0.0475013270098721,0.0209267657589401,-0.00198888603566745,-0.0269113081189395,-0.025905234150335,0.011077631771854,-0.0299566859731305,0.00764902685747054,-0.0445496547226915,-0.0696450169031494,-0.0381490669029626,-0.0467002505308817,0.016051356040171,-0.0384035025455831
"Metastatic.Melanoma.28.1",0.0564881999787159,0.0563374433812284,0.0582815601434404,0.00930444998831277,0.0636556132045609,0.0426887325268999,-0.00197083266619556,-0.0327039003872287,-0.0301511245804797,0.0290367950727552,0.00807423300682641,-0.0171595562817712,-0.00464841458608852,-0.110554023229727,0.00754726813678627,-0.00678570718590485,-0.02733587113361
"Metastatic.Melanoma.29.1",0.00200927062902897,-0.0181280777042093,0.0414731755979549,0.0367204883545668,-0.0458400747715466,-0.0372901486284696,-0.0157111271856095,-0.0263552317421889,0.0150985553716572,0.0198342040822407,0.00613369510714169,0.0232884793906371,0.00548769117040063,0.0339754891041133,-0.0282743260523718,-0.0204299976990756,0.0747720133799507
"Metastatic.Melanoma.30.1",0.0266159834559577,-0.0183897503665852,0.0157560863525361,0.0180030237799307,0.0181070539714262,0.041406785510686,-0.0330972662229033,-0.0471825739459742,-0.0395509519438122,0.0482666483024773,0.0751730728946461,0.00460446487616021,0.0291432118215965,-0.0617672619421599,0.0196471166881854,-0.0212163402008114,0.0601446510147738
"Metastatic.Melanoma.31.1",-0.0667018959435477,-0.0464318779211295,0.00871210610979084,-0.059898793915781,0.0204697317880216,0.10635558005205,0.0850560487826614,0.0120192233586586,0.0938793491717279,-0.0390373413806319,-0.0362206341461248,-0.0230731330619995,-0.00615679050134186,0.0959052617066495,0.0126456759520203,0.109273795664629,-0.0840300050612149
"Metastatic.Melanoma.32.1",0.0142400479783077,0.0118328602280927,-0.0282547579093069,-0.0348328958132067,-0.0531909904482689,0.000195166356852369,0.037296123772911,-0.00761928773398593,0.124666479390994,0.0336770326873978,-0.0249507558919512,-0.0189912945577258,0.00124057157126646,-0.0233872291901543,0.0632737363885539,0.0159391920258068,0.0969358125666748
"Metastatic.Melanoma.33.1",0.0290014112335571,-0.00491264777598519,0.0299015145549165,0.0370126042725069,0.0573860203734726,0.0213256648652052,0.00237360731885335,-0.0345470423506037,0.0152139386638678,0.00291152610475778,0.0285241388074741,0.032661486662149,-0.008402112413256,-0.154196608191485,-0.0627344342117037,-0.0236848792706443,0.0827916288705065
"Metastatic.Melanoma.34.1",0.0114550044094007,-0.0263072230867428,0.00986321824380072,0.0581237077130149,0.063160972972195,0.106411302959337,0.0169672573541524,-0.0652957890237477,-0.0992277818124715,-0.00436008082995619,0.0471022460178923,0.0556528004615404,-0.00395581382559355,-0.0331070954852137,-0.0752343641800903,-0.0739583475771656,-0.00437806602706751
"Metastatic.Melanoma.35.1",0.0184362826088029,-0.0117375110221751,-0.0667163002525824,0.00856501167503214,-0.0433773624556101,-0.0102535676557551,-0.0267090255584346,-0.0574201461721911,0.0101122783507236,0.0816162932623729,0.0797679498492348,0.0111942703753014,0.0600748373446057,-0.051111368942697,0.0248185314277057,-0.068070101655283,0.0700663300927531
"Metastatic.Melanoma.36.1",0.0219756517341668,0.0139678889495071,0.0213221464971614,0.0197665047708443,0.0722144579308459,0.043679509970422,0.0437461548855804,-0.0190386141769485,0.055869795151092,0.0163994352564117,-0.0173672563417463,0.0194647221040291,0.0102517711206061,-0.0742281759006732,0.014188643942946,-0.0103731397465084,0.0368430127435036
"Metastatic.Melanoma.37.1",0.0386399013065863,-0.019600367249716,-0.0495230796699211,0.0502062085065677,-0.0341957549570588,-0.0750742065886309,-0.0626011436696249,-0.0593084421351873,-0.0104042172909401,0.0306908773067542,0.0718309296543879,0.0480338662325119,0.0298964420878837,-0.006804276540645,-0.0666086898555135,-0.0906507484186223,0.109807888286996
"Metastatic.Melanoma.38.1",0.056157018154471,0.0466691673642072,0.0457676944634019,0.0495262011476967,0.0832372668316858,0.0540305910569054,0.00350919456299767,-0.035097448252097,-0.0627725096805799,-0.0383430457153847,-0.0125889314681165,0.016793232952039,-0.0319786448433563,0.00189210125619887,-0.0642316611048999,-0.0230309782210699,0.00678767142287078
"Metastatic.Melanoma.39.1",0.021814286478567,0.0336391992515915,0.0539477889949863,-0.0533405191528454,0.0490869778225077,0.0716137551734743,0.00111449597278279,-0.0320692934482028,-0.048659456801328,0.0235973507434348,-0.0252364911999858,-0.0371891286269787,0.0110254396541213,-0.0990613670182626,0.0324136985680801,0.0267038554097065,0.0319302578143263
"normal.human.epidermal.melanocytes",0.0737079486899879,0.0819331891903376,0.0517975053576351,0.103867613200575,-0.0198507468155537,-0.152249446108833,-0.109465783393979,-0.0429126206547751,-0.223758511325662,-0.0681908350506083,0.0309108949943301,0.0363890349084009,-0.047497934557164,-0.0596631105524954,-0.101096288381372,-0.0365720936156051,-0.0626937742723829
"Normal.Skin.1.1",-0.0335942714481621,0.0881171535105203,-0.112999685493484,-0.044930411369855,-0.0640339678675173,-0.0541883312161069,0.0310279021762429,0.169370111890177,-0.0790099878735856,-0.00996938916673865,-0.0804687035303003,0.0165025044055187,0.00263242837597083,0.0581464286281515,0.00756625823097942,0.0205133531796091,-0.0768773993334761
"Normal.Skin.2.1",-0.0282904433379443,0.121367659223668,-0.127020360786885,-0.0530687007943329,-0.0828028494175735,-0.061451733591175,0.0703171024480296,0.196659290393985,-0.0207578314901025,-0.0401730782940934,-0.113953150023337,0.0106860007359608,0.0143757256817858,0.0280968326990563,0.0102573577958449,-0.0120889565683321,-0.0987023377191764
"Normal.Skin.3.1",-0.0416861129024437,0.0848804410649587,-0.122791094458934,-0.0489442234708609,-0.0566017693572404,-0.0551473708049109,0.0875505453519857,0.18201500375444,0.0107702163277605,-0.041170331318854,-0.11921783649034,0.00998568359014556,-0.00711615802116697,0.00815407281588214,-0.00502686863301871,0.00541266498561155,-0.0821401927650352
"Primary.Melanoma.12.1",0.0150679489045896,-0.00557041256490403,-0.0525700092142122,-0.0715738114343413,-0.10241954405769,-0.102071017888301,-0.105051758286259,-0.0364025027569451,0.00757271890617028,0.0631025981874563,0.00757082785685512,-0.056336795109727,0.0196488806028494,-0.137920824591974,0.109679598418019,0.0502950786126316,0.178292630726793
"Primary.Melanoma.13.1",0.207543850652514,0.226646004044834,0.0633722140345139,-0.0347838617093493,-0.0216356179552515,0.0540363971843876,-0.0319108352315003,0.0578711863881958,0.0575309725598491,-0.373191567422732,-0.295616493319222,-0.413772701611978,-0.4692586742292,-0.120341737550653,-0.130027786244328,0.119055976183785,0.02389171834945
