"Gene","Module","GS","GS.Pvalue","MM","MM.Pvalue"
"DSC3","brown",-0.52250804645494,5.06644771664773e-17,0.93328212226592,2.97399944402367e-100
"GATA3","brown",-0.610328550013497,3.77322589195722e-24,0.924107779624552,2.70609461745731e-94
"TACSTD2","brown",-0.515301938105282,1.59109558094262e-16,0.924070809026547,2.84977318317107e-94
"ANXA8L1","brown",-0.527193595454818,2.37229531456845e-17,0.922628716115661,2.10086771744579e-93
"FGFR3","brown",-0.604295202780879,1.37443641401028e-23,0.921201691953891,1.46042722238205e-92
"TP63","brown",-0.525309845280775,3.22303434515409e-17,0.91796176743353,1.04395020609342e-90
"KLK11","brown",-0.516920774638694,1.23330525707952e-16,0.915442212391029,2.56124231939389e-89
"C1orf116","brown",-0.654196189174134,1.27507142365366e-28,0.910187345708899,1.48734149770933e-86
"AQP3","brown",-0.476488425953933,4.85376334971992e-14,0.909161679798273,4.92105390692005e-86
"PKP1","brown",-0.519017136520455,8.84984532598408e-17,0.90678579096794,7.45526025965322e-85
"EVPL","brown",-0.550333678973703,4.68403785420542e-19,0.905439684054546,3.36721969034426e-84
"PPP1R13L","brown",-0.626587866710743,1.00530008831286e-25,0.90396754787716,1.70700785079266e-83
"TRIM29","brown",-0.462268975562884,3.31450750407545e-13,0.903720777610582,2.23506899132261e-83
"SERPINB5","brown",-0.476211960558482,5.04279377142885e-14,0.903654816680338,2.40173944023195e-83
"DUOX1","brown",-0.465982749371043,2.02404678711e-13,0.902167204169735,1.19959599929521e-82
"GJB3","brown",-0.499010292656349,1.91843508045149e-15,0.900797179417157,5.15800827213464e-82
"SCNN1A","brown",-0.559323454561929,9.37812012292354e-20,0.900516715203536,6.93454544740218e-82
"KRT15","brown",-0.511882606257167,2.71293303202645e-16,0.900206177903121,9.61369485265449e-82
"EGFR","brown",-0.578821532292654,2.4112151189547e-21,0.898245481131175,7.37928746903761e-81
"LY6D","brown",-0.463559618137903,2.79429504295567e-13,0.893278588533938,1.07591068630302e-78
"DEFB1","brown",-0.520855182708631,6.60300341650478e-17,0.88958292664256,3.74538108744362e-77
"SPINK5","brown",-0.423036829438457,4.28156084403905e-11,0.88696128744917,4.30762445336291e-76
"LYPD3","brown",-0.425025563404972,3.39607217281853e-11,0.885890909254066,1.14764535509987e-75
"RAB25","brown",-0.443410252144593,3.70708468831359e-12,0.88576367649664,1.28857772740986e-75
"KRT23","brown",-0.559364536002473,9.30840139665008e-20,0.884678655340588,3.44090354979562e-75
"EPHB6","brown",-0.584334080700506,8.18913549650643e-22,0.88461388497362,3.64754345007389e-75
"BBOX1","brown",-0.529240722555542,1.69663411588799e-17,0.883279785801307,1.20320351943323e-74
"PPL","brown",-0.492211015547285,5.21737588707523e-15,0.882476636779998,2.45100104819552e-74
"HOPX","brown",-0.534770340265666,6.78255453803005e-18,0.881642311385353,5.10458889507037e-74
"FGFR2","brown",-0.688125611398928,1.26598811374595e-32,0.880592518569314,1.27486809109421e-73
"KRT1","brown",-0.419724642304736,6.27679163519474e-11,0.878832942833194,5.79976530843356e-73
"CALML5","brown",-0.422661109773384,4.47238216783217e-11,0.876593090983352,3.85726121548868e-72
"NEBL","brown",-0.590760415827081,2.26535928602512e-22,0.876536843620735,4.04330255644938e-72
"SFN","brown",-0.440960267471303,5.0186674815529e-12,0.876485521279315,4.22078734031897e-72
"CST6","brown",-0.453426365638718,1.04743812652837e-12,0.874776942706521,1.745044555693e-71
"ZNF750","brown",-0.482776948326998,2.01650913466938e-14,0.874691096696991,1.87300467082026e-71
"CLCA2","brown",-0.383321954701561,3.22490088588244e-09,0.874340367810699,2.49955659653464e-71
"TUBA4A","brown",-0.473018427173045,7.82094263017484e-14,0.873785081082091,3.9401585256702e-71
"LY6G6C","brown",-0.440470417140634,5.33047235006883e-12,0.871945363156188,1.75278338224397e-70
"LORICRIN","brown",-0.453574476996052,1.02772361129994e-12,0.871452817636546,2.60359578900815e-70
"LGALS7","brown",-0.43414948005892,1.15032126888949e-11,0.870857614860212,4.19074568332809e-70
"SPINT2","brown",-0.479284624495271,3.29167934720449e-14,0.870369196274563,6.18239637509374e-70
"FERMT1","brown",-0.510896195781635,3.16090109196902e-16,0.870034972082875,8.05965753614009e-70
"KLK7","brown",-0.418089569869379,7.56982782631056e-11,0.868221738010915,3.35402222311939e-69
"ANK3","brown",-0.54824728010129,6.7569014118526e-19,0.866218030296607,1.58218085406344e-68
"EPHX3","brown",-0.420927666353344,5.46518121593857e-11,0.865567398826843,2.60417426702511e-68
"GPR87","brown",-0.482440849785484,2.11439904357267e-14,0.86511574646397,3.67480505688116e-68
"TUFT1","brown",-0.669594934452599,2.26081382714092e-30,0.862293167417144,3.07481940126668e-67
"S100A14","brown",-0.396029429754426,8.60420652072788e-10,0.860566357428381,1.10203684679917e-66
"CWH43","brown",-0.448760623884937,1.89693389257103e-12,0.860206570700514,1.43471188649807e-66
"ESRP2","brown",-0.450906420203755,1.44516979540628e-12,0.86015441106286,1.49055350801739e-66
"PALMD","brown",-0.533523381270885,8.35267492640285e-18,0.859677201955234,2.11228967171675e-66
"CDSN","brown",-0.416909214947769,8.66043044439945e-11,0.859520444211702,2.36791788144649e-66
"SCEL","brown",-0.53270175392422,9.5765299065364e-18,0.859284520838778,2.81139694350408e-66
"CA12","brown",-0.526073739625204,2.84702767300135e-17,0.859265613003076,2.85030587291964e-66
"LAD1","brown",-0.390843290092956,1.48540058808232e-09,0.85907233057861,3.27990895150648e-66
"LAMA3","brown",-0.484039416556883,1.68682385575159e-14,0.85674037993036,1.755437924857e-65
"ABLIM1","brown",-0.494076462390348,3.97373842467381e-15,0.855852133710084,3.29986412081733e-65
"RAPGEFL1","brown",-0.570358808346887,1.21684581819504e-20,0.855383336092661,4.59648138582162e-65
"COL17A1","brown",-0.507368232563454,5.43809397679753e-16,0.854951269908487,6.2320148959997e-65
"KLF4","brown",-0.56524956290808,3.16204566269383e-20,0.854376694959372,9.32766623695907e-65
"DSG1","brown",-0.404667034841964,3.3927414804117e-10,0.852636489796708,3.1309011178381e-64
"ASS1","brown",-0.544154494737794,1.37625269996124e-18,0.851354252581926,7.56569571884288e-64
"AKR1C2","brown",-0.504224249429478,8.77315065859317e-16,0.850278708361639,1.57575033910679e-63
"IRX4","brown",-0.508054385876201,4.89588135847675e-16,0.849743187716838,2.26572984596654e-63
"DSC1","brown",-0.437122561432791,8.02704003308808e-12,0.84971339244684,2.31188021198012e-63
"ALOX12B","brown",-0.429259575771544,2.06321856189852e-11,0.849658209659241,2.39982308028481e-63
"SDC1","brown",-0.443163990260432,3.82211338218979e-12,0.848732392572112,4.47958486300227e-63
"FLG","brown",-0.415607964015338,1.00396137808308e-10,0.848556900892434,5.03979839861192e-63
"KRT5","brown",-0.411401821688144,1.61171723887338e-10,0.847789241233317,8.42386083592533e-63
"ITGB4","brown",-0.470739826273871,1.06669149071694e-13,0.847459809903199,1.04923647265798e-62
"INAVA","brown",-0.542101731144924,1.95918256295819e-18,0.847356303047453,1.12405998170107e-62
"KRT2","brown",-0.525848356101257,2.95325436548034e-17,0.846425141467977,2.08412478383974e-62
"CALML3","brown",-0.359281496412328,3.38036559781499e-08,0.846280417223181,2.29317940462463e-62
"PKP3","brown",-0.438672188357367,6.64512928412177e-12,0.845156683247476,4.80099732424021e-62
"GJB5","brown",-0.493828781708085,4.12042003351439e-15,0.844232802776978,8.77499929638403e-62
"ZNF185","brown",-0.478938325559489,3.45452985031486e-14,0.84422648088649,8.81116709637628e-62
"MAPK13","brown",-0.40812556075939,2.31977509610129e-10,0.843682178715366,1.25469060836533e-61
"KCNK7","brown",-0.592165455395674,1.70393583460348e-22,0.842421567335431,2.83014904400807e-61
"CHP2","brown",-0.670288196305422,1.8747712114014e-30,0.84232263444055,3.01580078553478e-61
"JMJD7-PLA2G4B","brown",-0.457856869156728,5.90952292356158e-13,0.841527550804278,5.01730327225176e-61
"AKR1C1","brown",-0.525633639009328,3.05806080493963e-17,0.839725929828956,1.57367903598987e-60
"TNXB","brown",-0.559337464964107,9.35428587419437e-20,0.839680752246932,1.61914594215847e-60
"IL22RA1","brown",-0.530952368154918,1.27969811317465e-17,0.839111786586648,2.31602699080556e-60
"SERPINB7","brown",-0.473957654562217,6.87720696340434e-14,0.836849427102363,9.4829740614764e-60
"SEMA3F","brown",-0.614399933139266,1.5524805600513e-24,0.836186568662446,1.4273920796069e-59
"SLC24A3","brown",-0.548800060752675,6.13332011827985e-19,0.83571523059924,1.90698022007979e-59
"MAST4","brown",-0.552876754920304,2.98644945846015e-19,0.835542225994908,2.12042126359617e-59
"PTK6","brown",-0.50868405575967,4.44508283150541e-16,0.835464133251736,2.22434882212642e-59
"CSTA","brown",-0.368311914334291,1.43022464556592e-08,0.834409757882516,4.23363536443095e-59
"FCGBP","brown",-0.532039261101947,1.0689859465363e-17,0.833442491018925,7.61038670133881e-59
"KLK8","brown",-0.37688205383678,6.16719510364266e-09,0.832275313926899,1.53662768974082e-58
"PSORS1C2","brown",-0.561751740952032,6.02267273201928e-20,0.832234056563388,1.57511569050894e-58
"DSP","brown",-0.446669726157498,2.46814562228692e-12,0.832172321877208,1.63449382124641e-58
"TACC2","brown",-0.670444240646683,1.79727556638544e-30,0.831435293387313,2.53946917273695e-58
"SLPI","brown",-0.380177012908939,4.4339100327043e-09,0.830421652059515,4.63887173231154e-58
"KLF5","brown",-0.493028876927698,4.63122075414926e-15,0.830203733022861,5.27765786406186e-58
"SCNN1B","brown",-0.538276961745888,3.75900682226746e-18,0.828723821766127,1.26136589956258e-57
"ARHGEF4","brown",-0.553806414276338,2.53094871802725e-19,0.8277371289684,2.24449257209164e-57
"KRT17","brown",-0.318171422507632,1.22672546193191e-06,0.82663729728822,4.24837279117137e-57
"KRT10","brown",-0.459950373134744,4.49615827285305e-13,0.826130211648486,5.69280160872699e-57
"ADIRF","brown",-0.50758709240093,5.2590575105149e-16,0.824821718881384,1.20617341634377e-56
"TNXA","brown",-0.536704767252732,4.90188298422944e-18,0.824226208096731,1.69401616278408e-56
"PTGS1","brown",-0.474971053587357,5.9836069472391e-14,0.823483028964062,2.58359033708332e-56
"GJA1","brown",-0.395151545791911,9.44366954265806e-10,0.822964229992572,3.46479026381194e-56
"ELMO3","brown",-0.508978805608884,4.24827628812629e-16,0.822205101525156,5.3140205807201e-56
"GRHL2","brown",-0.547528691927145,7.66120633846164e-19,0.822122559278875,5.56630008815271e-56
"CCL27","brown",-0.595565340764511,8.50464304543814e-23,0.821921810963388,6.23036060544805e-56
"HAL","brown",-0.368136870574888,1.45463961582439e-08,0.821634199160469,7.32034654230103e-56
"CXCL14","brown",-0.408269311372285,2.28319189790691e-10,0.821256448625232,9.04280013819713e-56
"CRCT1","brown",-0.419584523588603,6.3786104422958e-11,0.819657714864503,2.19946695268271e-55
"CDC50B","brown",-0.536993735495348,4.66893496284743e-18,0.81926369869762,2.73442101058883e-55
"HLA-DQB2","brown",-0.478370885247814,3.73853423405164e-14,0.819163811807695,2.88933284622992e-55
"FZD10","brown",-0.468617910153811,1.42120002980918e-13,0.818963843828234,3.2259979855112e-55
"ST14","brown",-0.35877122471746,3.54591770153925e-08,0.818011535295811,5.44264829222564e-55
"MYH11","brown",-0.628772846892381,6.07585711072854e-26,0.814956677072393,2.85478625936265e-54
"TMEM45A","brown",-0.43944067953925,6.04864051675746e-12,0.813692914643615,5.61622376281202e-54
"CD207","brown",-0.527930916642674,2.10304119924229e-17,0.813678493128689,5.65959040667417e-54
"CFD","brown",-0.522361003095015,5.1875588819256e-17,0.813656641734747,5.72593092081602e-54
"CLEC3B","brown",-0.491157023542066,6.08063027018362e-15,0.813400987102614,6.56160341859949e-54
"KRT6B","brown",-0.316983535279451,1.35057575384436e-06,0.813317475423915,6.85988149437632e-54
"KLK10","brown",-0.353206783121937,5.94036389629166e-08,0.812948519502059,8.34637021557473e-54
"LCE2B","brown",-0.444453024063936,3.25626039553531e-12,0.812304840604895,1.17395912214376e-53
"CKMT1B","brown",-0.424024106632521,3.81707252758353e-11,0.812283587854662,1.18723028709713e-53
"JUP","brown",-0.3784135624215,5.29272546924202e-09,0.811858239614107,1.4863178024384e-53
"POU2F3","brown",-0.489570055235609,7.64963360909259e-15,0.811759971919831,1.56537873852626e-53
"KRT14","brown",-0.389454653084762,1.71649772941356e-09,0.809977934862594,3.98572721905992e-53
"ALDH3A1","brown",-0.395711195694734,8.89980351018773e-10,0.809864855370047,4.22783990489416e-53
"MAOA","brown",-0.64796255173064,6.10663837689853e-28,0.809720663177752,4.55775752643157e-53
"ALDH3B2","brown",-0.41340299244389,1.28777245691405e-10,0.809080552706974,6.35742718081853e-53
"CRABP2","brown",-0.343971063948002,1.36878644629858e-07,0.808437311869601,8.87093034824035e-53
"SPINT1","brown",-0.514848689562289,1.70830148470377e-16,0.807601792205054,1.36486997297973e-52
"ETS2","brown",-0.517416745697863,1.1404067788969e-16,0.80721493125042,1.66502946111003e-52
"MFAP4","brown",-0.426142355020227,2.97975864610603e-11,0.806990485246309,1.86818109818779e-52
"ARG1","brown",-0.363997856100252,2.16423298773642e-08,0.806896364004552,1.96049465439166e-52
"RORA","brown",-0.465019360581662,2.30162527310261e-13,0.806185481822031,2.81968802029519e-52
"IRF6","brown",-0.574636091293287,5.40079087923266e-21,0.805578014873054,3.84200610662819e-52
"DSG3","brown",-0.327957883291259,5.46669566408534e-07,0.80502656516853,5.08294165735567e-52
"CD24","brown",-0.410224164007498,1.83795996799125e-10,0.801225187847448,3.41674947533401e-51
"SULT2B1","brown",-0.343812448373478,1.38822662801824e-07,0.800915252757921,3.98372124053698e-51
"CXADR","brown",-0.575433609013615,4.63564083784146e-21,0.800415427008638,5.09997282850105e-51
