"","logFC","AveExpr","t","P.Value","adj.P.Val","B"
"GDPD2",-3.69544626534939,6.03558304182311,-8.03742998392534,3.96196020465184e-11,5.16599991084554e-07,14.7851613454611
"FN1",2.43653193224661,13.2061134807802,7.46402113716887,3.82066404820803e-10,2.49088192622923e-06,12.7064537304979
"LAMB4",-2.62126168875211,6.12555475522871,-6.83750944205117,4.53258274689897e-09,1.97001154789386e-05,10.4295682620536
"BICD2",-1.6217212062036,10.2301395363563,-6.30907257106079,3.59497179482828e-08,0.000108327790381861,8.51878565283188
"CHP2",-5.24902858414464,5.16862483762179,-6.25104294740384,4.50631296981854e-08,0.000108327790381861,8.31014691430801
"HOXA9",-3.49033971906234,6.63365151034667,-6.22509588854529,4.9847898020643e-08,0.000108327790381861,8.21695686641568
"IFNAR2",1.35220362769432,9.11592528232008,6.09029937447645,8.40990129456885e-08,0.000156652432828405,7.73390688058727
"SRD5A1",-2.45923695680615,9.06545010320854,-5.69200124681766,3.88891074279366e-07,0.000573655102683332,6.31944858513518
"FCGR2A",2.83241399120522,10.4420002781007,5.68727926395308,3.9595796641997e-07,0.000573655102683332,6.30281557135335
"ACADL",-2.52936968901883,5.26455659953918,-5.62879740123141,4.94739677887685e-07,0.000582624813981544,6.09711530720955
"EPHB6",-2.98099326266191,7.75780865094749,-5.61017695553702,5.31031545543834e-07,0.000582624813981544,6.0317400464738
"EXPH5",-2.9151149882771,7.63569278973509,-5.58852540420217,5.76547086761106e-07,0.000582624813981544,5.95579696130187
"COL17A1",-5.34305107484819,5.21871037888923,-5.57063253786864,6.17051722507854e-07,0.000582624813981544,5.89309863391868
"FGFR2",-2.62019544730778,6.29069292629221,-5.53574081800174,7.04285224019388e-07,0.000582624813981544,5.77099683252398
"EPS8L1",-2.55859684242551,7.703914293798,-5.52556447943963,7.31945830571091e-07,0.000582624813981544,5.73542627505474
"GPRIN2",-1.36767588286068,8.38698776919749,-5.51916705712425,7.49880861419628e-07,0.000582624813981544,5.71307421599038
"TLCD3A",-1.57663959906474,9.91465730592646,-5.50224244866838,7.99446552271098e-07,0.000582624813981544,5.6539771077771
"TUFT1",-2.51986696219598,9.7464214657133,-5.48643545918313,8.48651857622463e-07,0.000582624813981544,5.59883020990665
"SERPINE2",2.33791420292637,13.7893533441423,5.47315298915289,8.92299504736947e-07,0.000582624813981544,5.55252681465816
"IRF6",-3.33708190600336,8.99318012859814,-5.47274790667761,8.93664873044779e-07,0.000582624813981544,5.55111519660339
"SOWAHC",-2.05280828554606,9.16497647261758,-5.45057471398753,9.71630359095112e-07,0.000603289916773389,5.47389423295666
"KLF8",-3.42128290709955,4.9730789535862,-5.41488768685022,1.11142068220097e-06,0.000658718830691746,5.34980807743958
"TP63",-2.82528434802418,7.67464819062141,-5.39410206797138,1.20179012630518e-06,0.000676686886673119,5.27765004931307
"DMXL2",1.69942196239785,9.71915673518486,5.38458857231805,1.24553150396157e-06,0.000676686886673119,5.24465227223888
"ADRB2",-2.23540118910485,8.32622473742971,-5.34769724726622,1.43048960560989e-06,0.000746086158701892,5.11686680838707
"PIK3C2G",-2.17021278365681,7.33000375378618,-5.30657906740302,1.66862012746221e-06,0.000824358309179294,4.97477084278845
"DAAM1",-1.97243908298746,9.88699856905996,-5.30049714234544,1.70700777266976e-06,0.000824358309179294,4.95378312150127
"OVOL1",-3.38539494837926,3.99708530639713,-5.27580432366621,1.87199523639189e-06,0.000871748067404068,4.86865340952649
"IFFO1",1.56452375278277,10.4499364579574,5.20754249312186,2.41417343398441e-06,0.00108546232433527,4.63400993232176
"IMPA2",-2.96455430185867,9.67025344052226,-5.17738847820925,2.70034032600469e-06,0.00117365791702584,4.53069113660002
"PPP1R13L",-2.6053257522042,8.5260510805264,-5.15624116792982,2.92067034373589e-06,0.00122847163264427,4.45835743633295
"NEBL",-2.60392947956093,7.45008135039555,-5.12737161136247,3.25021143161138e-06,0.001241882963757,4.35977898807663
"GRHL2",-2.63584621801734,7.52054919737081,-5.12365546589695,3.29520008285691e-06,0.001241882963757,4.34710410754619
"PPP2R3A",-1.58214451849149,9.11036704317698,-5.12194017045113,3.31617174058279e-06,0.001241882963757,4.34125475669671
"NDEL1",-1.16201925766689,11.0821929128498,-5.12052842313224,3.33353046487423e-06,0.001241882963757,4.33644106606497
"ZBTB16",-2.36405438817215,7.62286982042967,-5.08994105401012,3.73232632996198e-06,0.00135182786156595,4.23226374197979
"EGFR",-2.44777415916713,7.11357123856798,-5.07419382164081,3.95554440797109e-06,0.00138174385986112,4.17871890849321
"GPD1",-3.67924053758252,5.27649424544652,-5.06070575987877,4.15712119202925e-06,0.00138174385986112,4.1329043179723
"CDHR1",-5.18783401235726,4.80474138207935,-5.04257983245739,4.4439652755591e-06,0.00138174385986112,4.07140749079662
"ALDH3A2",-1.77381810543503,10.051547735679,-5.04136972480024,4.46379240147275e-06,0.00138174385986112,4.06730481464661
"PSORS1C2",-3.5552893149803,6.69886641317546,-5.03984201653516,4.48894731041796e-06,0.00138174385986112,4.06212588910863
"UPP1",3.46486853823104,10.3456273292601,5.03441179267327,4.57949138763407e-06,0.00138174385986112,4.04372219638427
"TP53AIP1",-2.89438124052583,5.36655995462661,-5.01847876763079,4.85563012004e-06,0.00138174385986112,3.98976618545068
"E2F3",1.29482907525662,9.98040990215506,5.01780479568431,4.86766417126435e-06,0.00138174385986112,3.98748524817474
"CHST6",1.78879563661517,11.7473366147305,5.01749051629421,4.87328576084678e-06,0.00138174385986112,3.98642166540444
"MAOA",-2.62335346701689,7.65753376890818,-5.01741577388645,4.87462363322428e-06,0.00138174385986112,3.98616872621398
"PAMR1",-2.47343256231372,7.30732330461042,-5.0085056513622,5.03672188993235e-06,0.00139731524942187,3.95602577836876
"CBLC",-3.7606667285929,3.84980933284368,-5.00072495407937,5.18258959170083e-06,0.00140782886846223,3.92972028492073
"PKP3",-3.04964578166527,7.99145399849343,-4.98859131915119,5.41837136779181e-06,0.00144183967887015,3.8887291730459
"EPPK1",-1.97286765601287,8.01845438977565,-4.9628954758143,5.95295930397323e-06,0.00155241272729014,3.80204695641465
"AP1M2",-2.39340445219731,6.69749853168666,-4.94838426192934,6.27735965646854e-06,0.00156768662136389,3.75317141668711
"RUBCNL",2.24033985135215,9.4358019479222,4.94577294085975,6.33754834589878e-06,0.00156768662136389,3.74438208105188
"CHST11",2.37807211972528,9.33732644130219,4.94427965698553,6.37222110071986e-06,0.00156768662136389,3.73935671318348
"KLF5",-3.72029937597102,8.67525256925896,-4.93109213206261,6.68660597530076e-06,0.00159790731655713,3.69500234237292
"GJB5",-4.01524366855506,5.16262039658254,-4.92890658192039,6.74015663859514e-06,0.00159790731655713,3.68765604291891
"KPLCE",-4.09472846695862,6.35552805166307,-4.90759050186378,7.28498130777402e-06,0.00167721355126977,3.61607361088653
"KCNK7",-2.57165347735833,5.23410317696162,-4.90582700417438,7.33194051862697e-06,0.00167721355126977,3.61015703740934
"DOK4",-1.36253138713429,7.52189318716014,-4.89746300378752,7.55873009683548e-06,0.00168293655312406,3.58210715425624
"HMGCR",-2.02810133992384,10.1797059102746,-4.89136699017165,7.72833838563717e-06,0.00168293655312406,3.56167531954965
"FGFR3",-4.74542152880969,6.86495917561558,-4.88736860607533,7.84160316969682e-06,0.00168293655312406,3.54827957625672
"CYP4F12",-3.40669763636047,7.05656297539025,-4.88626201691926,7.87323642461598e-06,0.00168293655312406,3.54457295764931
"MAB21L4",-1.83791279455464,7.32819120507946,-4.87814334671362,8.10917196794624e-06,0.00168431712462783,3.51738905416976
"CD207",-2.64142772960933,7.82300279045362,-4.87716571289641,8.13804577433496e-06,0.00168431712462783,3.51411684929193
"ARL4D",-1.44423752264379,7.9156750301317,-4.86437347390439,8.52526159343036e-06,0.00173688884244904,3.47132476091642
"TIPARP",-1.46339254171298,10.3359747969106,-4.85845168575429,8.71056512752669e-06,0.00174733936458185,3.45153082621067
"PKP1",-5.10909496603974,6.7923767399645,-4.83464493394915,9.49613289661082e-06,0.00181782978445912,3.37205442986511
"SH3TC2",2.46789454005199,7.62361425938309,4.83135304229679,9.610074977208e-06,0.00181782978445912,3.36107735735574
"RXRA",-1.8893580027637,9.42490462076396,-4.83064765468113,9.63466402649038e-06,0.00181782978445912,3.3587255860581
"BCL2A1",3.60793860365537,11.3727035264881,4.82710653191836,9.75903711267264e-06,0.00181782978445912,3.34692157056316
"SLC6A2",-1.42483040527923,5.33094864651741,-4.81742351885118,1.01072055605595e-05,0.00183306836821907,3.31466232373537
"CYP4B1",-4.20312605501572,5.7121344610755,-4.81701898702042,1.01220126169011e-05,0.00183306836821907,3.31331519566483
"SPP1",3.31838067763525,13.0842844180932,4.79805744626103,1.08403892915998e-05,0.00193627172565987,3.2502241631258
"ENDOU",-3.98861494530946,5.47389597560987,-4.7821009029818,1.14833665107697e-05,0.00202340021532332,3.19721209399741
"TFAP2B",-2.88872097746859,5.56557817067516,-4.77765338976232,1.16691312530324e-05,0.00202871736544386,3.18244940770644
"CLTB",-2.23389298133183,9.73980550484414,-4.77047745456501,1.19750702090058e-05,0.00205451237441088,3.15864241919894
"WIPF1",1.57447486195898,10.5591744452967,4.76217710488897,1.23387367067546e-05,0.0020710036551111,3.13112388812618
"SEMA3F",-2.10315571295245,8.91563028443646,-4.75950683015502,1.24580096375353e-05,0.0020710036551111,3.12227531217143
"LCP2",2.43993272536192,9.771195105211,4.75497708155098,1.26629222074644e-05,0.0020710036551111,3.10726974788188
"FBXW7",-2.20978514471134,8.81371570941313,-4.75402260508059,1.27065183226389e-05,0.0020710036551111,3.10410865512256
"RAPGEFL1",-4.43609678679949,5.8014898107741,-4.73827568678117,1.34473034814117e-05,0.00215589013253534,3.05199605956007
"TRIM29",-4.56629727213389,7.83159684283625,-4.73599535958572,1.35580175525652e-05,0.00215589013253534,3.04445569849972
"IL20RA",-4.22044969926445,5.2064961516081,-4.72529847661761,1.40893738304619e-05,0.00221338970331799,3.00910506349747
"PLIN1",-4.03250648692538,6.34053017678847,-4.72194973235695,1.42598624272447e-05,0.00221350412129576,2.99804532187266
"HEBP2",-1.53964297682259,11.2015747711347,-4.71136274207138,1.48122244747012e-05,0.00227219523441916,2.9631023925074
"RTN3",-1.11840758192461,11.1525058499302,-4.70552629821864,1.51256141438984e-05,0.00229328933514291,2.9438533905285
"DEGS1",-1.60263856698267,11.8653688001405,-4.69807019610856,1.55354066966165e-05,0.00232834675766877,2.91927769226554
"EVPL",-3.89834991083801,6.24875360437318,-4.69158324646756,1.59007395300872e-05,0.00235601980378189,2.89791015416469
"CTNNBIP1",-2.67202976580862,8.83760657083995,-4.66181949830445,1.76873853399395e-05,0.00259130131963451,2.80003624784834
"EPB41L4B",-2.19197410130572,7.92611416100252,-4.6525927765131,1.82800000635526e-05,0.00260596249935817,2.76975116528424
"TPST1",1.85721854878959,10.298298547525,4.65164518220467,1.83419484083564e-05,0.00260596249935817,2.76664235767591
"BTNL3",1.17941387164996,8.12235833322536,4.65095747530203,1.83870350441715e-05,0.00260596249935817,2.76438634793779
"WDR47",-1.4141117337384,10.0919136986568,-4.64209654703456,1.89777293260655e-05,0.00266075927615664,2.73533147791622
"TACC2",-2.55412837891757,8.76008179303835,-4.63416207260631,1.95223494252148e-05,0.00267269672351584,2.70933535659661
"LIPE",-1.50203641439407,6.97319007288311,-4.63403922523941,1.9530900376893e-05,0.00267269672351584,2.70893302136571
"HMGCS2",-3.04720744875591,5.84937709790861,-4.62646887528156,2.00649551317221e-05,0.00267269672351584,2.68414869664414
"CASZ1",-1.33308999826492,8.83894701956972,-4.6245130361493,2.02052305471438e-05,0.00267269672351584,2.67774848417112
"CLDN4",-3.7536187105398,5.44272321209064,-4.62426409913521,2.02231531332667e-05,0.00267269672351584,2.67693395923314
"CKLF",1.11593770621235,10.5997958456613,4.62329966816181,2.02927353039396e-05,0.00267269672351584,2.67377851481879
"ARPC1B",1.76893907341466,13.1397071589399,4.61645978514613,2.07929677819023e-05,0.00271119315116657,2.65140812158648
"ALOXE3",-2.08977557073394,7.33040534298669,-4.61331359381364,2.1027082870498e-05,0.00271119315116657,2.6411232429061
"STAR",-2.38132595106708,4.26567119509185,-4.60963898998357,2.13037743368634e-05,0.00271119315116657,2.62911498203448
"CCDC102B",3.03854302792496,6.81820651488728,4.60815209099887,2.1416741665017e-05,0.00271119315116657,2.62425716050552
"TMEM254",-1.88428279067217,8.3539850786263,-4.60032684408519,2.20209612040174e-05,0.00276087801095369,2.59870309102691
"MEGF9",-1.22332563442479,9.21017593386956,-4.59202767132604,2.26799349945841e-05,0.00281641592756554,2.57162284514421
"STAP2",-2.07332424859549,8.96616254285286,-4.58337396156358,2.33875293176686e-05,0.00285591159916201,2.54340938362317
"TIMP1",1.78143656873584,13.5755094595406,4.58279005892432,2.34360411926018e-05,0.00285591159916201,2.54150657306195
"CLCA4",-3.65504046250866,5.11045422255104,-4.56806282699075,2.46925677144916e-05,0.00298117028175237,2.49355035156532
"KRT2",-4.86960951192334,8.96196093958109,-4.56143851561174,2.52789391361988e-05,0.00300994117623038,2.47200267575539
"PLAT",2.64291735251316,11.3277070922709,4.56017231549002,2.53925553635511e-05,0.00300994117623038,2.46788559169009
"SCNN1B",-3.08269326784135,5.62955761444611,-4.55464634894275,2.58942526659312e-05,0.00301827185420099,2.44992391326689
"CXCR4",2.35139738571202,11.1655567522425,4.55430241360769,2.5925795511198e-05,0.00301827185420099,2.44880631237476
"LRRC8E",-1.8154570131818,6.95616216633559,-4.55128181382259,2.62044324839319e-05,0.00302371323148662,2.4389926927532
"HSDL2",-1.44958413979405,8.9210762790632,-4.54485118874501,2.68073817610004e-05,0.00306615307703232,2.41811025513654
"ADK",-1.2714713854228,9.52491493731548,-4.54070127135787,2.72036401567401e-05,0.00306691104013663,2.40464129985238
"DFFB",1.14747399834065,7.80324110402879,4.53986241186464,2.72844298378595e-05,0.00306691104013663,2.40191939267601
"LDAF1",-1.6835238141418,8.527556433712,-4.52617900264446,2.86357400723737e-05,0.00318091107701569,2.35755281457192
"C1orf116",-4.25109051976359,4.90301610270843,-4.52469133454436,2.87865255838524e-05,0.00318091107701569,2.35273300779509
"TXNDC5",1.14043015208055,13.1116992453666,4.50469618573133,3.08897695814854e-05,0.00338463618128562,2.28802377502931
"CD1A",-2.2071522443584,7.7667933440854,-4.49607846558568,3.18417107140606e-05,0.00345986721667196,2.26017616118973
"CIDEC",-1.91207531693592,8.50543889672752,-4.48850397723638,3.27019468189618e-05,0.00351526022787594,2.2357204282765
"ANXA8L1",-3.39462711012875,9.55973816432905,-4.48608832481787,3.29810195590875e-05,0.00351526022787594,2.22792511121256
"PLCH2",-1.82717689453284,6.40757773908171,-4.48250084993442,3.33997509622986e-05,0.00351526022787594,2.21635198177719
"TDO2",3.3617063625885,8.47611108923747,4.48224436947244,3.34298848267978e-05,0.00351526022787594,2.21552474823643
"PLLP",-2.21681554751919,8.11371272022173,-4.47727432476116,3.40190659374803e-05,0.00354859680607045,2.19949915330427
"IDE",-1.5887967163671,9.92939722288158,-4.46524601498476,3.54871073417626e-05,0.00365802612400684,2.1607495818422
"TMEM40",-1.96051269564515,7.23994306603754,-4.46410749256503,3.56292137241252e-05,0.00365802612400684,2.15708436706078
"CIDEA",-3.37163285981899,7.1522626142049,-4.45981571637736,3.61698918708079e-05,0.00368452515705831,2.14327197430122
"ABHD5",-1.87981416421839,8.49617128641063,-4.45201391428291,3.71732768102211e-05,0.00375738260719747,2.11817938630736
"SLC52A1",-2.04958565220149,4.48384627855959,-4.44559102275091,3.80195935407486e-05,0.00381038831979547,2.09753751953796
"KRT19",-4.8897561712352,3.68278998994016,-4.44362671100855,3.82821435611018e-05,0.00381038831979547,2.09122747656574
"CLDN8",-3.50990116452553,5.58618338337089,-4.42875886329115,4.03273695982274e-05,0.00398354978932793,2.04351038922488
"KDELR3",1.7677350055223,10.7730308279941,4.4051494386041,4.37951796914275e-05,0.00426153244773524,1.96789704444641
"MMP28",-3.79649300205794,5.20186950434423,-4.40301872667715,4.41220328332743e-05,0.00426153471194862,1.96108273193785
"ELL3",-2.11771955838043,8.18150976512511,-4.38050083575989,4.77244549814176e-05,0.00453762476930667,1.8891659975877
"MINAR1",2.20787403336718,7.81083780924708,4.37850162489284,4.80577587319267e-05,0.00453762476930667,1.88278974359536
"OVOL2",-1.57455609805887,6.79504391273135,-4.37662570895017,4.83725625380495e-05,0.00453762476930667,1.87680802714645
"RPS6KB2",-1.60406358320744,8.12148600516839,-4.37068996904071,4.93819108833879e-05,0.00459921954291782,1.85788910729704
"CEP170",1.71718852765067,11.3012774019459,4.35536368923858,5.20835926558056e-05,0.00481643946552517,1.80909851685343
"TGM5",-2.26429358529886,7.97641167464045,-4.35252924077669,5.25987294643401e-05,0.00482982277102487,1.80008447263084
"CXCL8",3.80912596508029,10.2542166490094,4.34810364899637,5.34129483233162e-05,0.00487028974257146,1.78601614348087
"NFKBIE",1.24812128459799,9.5435650967237,4.34569226220129,5.38617306016124e-05,0.00487710489801683,1.77835368288193
"CD68",2.10901959439328,8.60644609929371,4.34183859753381,5.45865437369734e-05,0.00490864788818204,1.76611261276377
"ISOC1",-1.27056030445064,10.4351425145336,-4.33882287379177,5.51603483348334e-05,0.00491038276025603,1.75653701812626
"CTAGE9",-1.03634050840395,8.48556406700582,-4.33778581318675,5.53590203050568e-05,0.00491038276025603,1.75324488693789
"RARG",-1.49297413262558,7.87118210756072,-4.33220518082804,5.64400960691626e-05,0.00497056978363252,1.7355360166419
"IPPK",-1.37874279364106,8.79644295282253,-4.32756147306366,5.73552642599147e-05,0.00497056978363252,1.72080895963623
"NPR3",-2.31469744202938,6.25152229387831,-4.32566368483728,5.77334054813266e-05,0.00497056978363252,1.71479259118604
"FCGR2B",1.76710908006712,9.77495462725133,4.3247092168907,5.79244998918921e-05,0.00497056978363252,1.71176723693988
"PDIA5",1.04968450536518,10.4199154185677,4.32295487740277,5.82773389079659e-05,0.00497056978363252,1.70620742266187
"TTC22",-1.58455828165159,4.53404403404204,-4.32271964276273,5.83248084128979e-05,0.00497056978363252,1.70546200827757
"ARNT2",2.53799684487718,9.61077855084749,4.31090661576329,6.07574908097846e-05,0.00512022407901599,1.66805498039197
"SERPINB7",-5.15469821739864,5.7570435591178,-4.31038937292753,6.08662268768677e-05,0.00512022407901599,1.66641826170776
"LAD1",-2.96110857265724,8.11958739844205,-4.29649238681648,6.38593820166853e-05,0.0053128315375665,1.6224809853805
"GLTP",-2.1108638878966,9.365035202898,-4.29598761064118,6.39707455631521e-05,0.0053128315375665,1.62088641585695
"AIM2",2.47361705065072,8.7771176455082,4.28954054083295,6.54097656369172e-05,0.00534715668475446,1.60052871603676
"SLURP1",-4.50202720576842,7.70272870789058,-4.28841980458629,6.56631019322468e-05,0.00534715668475446,1.59699138787996
"ATP2C2",-2.22644049256756,6.2552803742503,-4.28710892302098,6.59606268622152e-05,0.00534715668475446,1.5928545088518
"CYP3A7-CYP3A51P",-2.49041618151829,5.34433152370688,-4.28682866254453,6.60244057247847e-05,0.00534715668475446,1.59197014647652
"ALAD",-1.00528007802423,8.82220904155464,-4.27904835280485,6.78190342958658e-05,0.00541669923600727,1.56743111552454
"SLC6A9",-1.9503683322488,6.27527283411141,-4.27742948817082,6.8198345718082e-05,0.00541669923600727,1.56232808502011
"IRX4",-2.87149253360455,5.92846952343081,-4.27737801913114,6.82104389484047e-05,0.00541669923600727,1.56216585902308
"LLPH",1.56492453472829,6.09768175674792,4.2759585526433,6.85447790429634e-05,0.00541669923600727,1.55769221494576
"ZNF750",-6.47719534980094,4.83764597024767,-4.26573277287455,7.10007365972279e-05,0.00555085092470619,1.52548668820268
"RNASE4",-1.65169101432952,9.44802052127211,-4.26473926323717,7.1243846716486e-05,0.00555085092470619,1.5223597879246
"PARD3",-1.83420326794006,8.37549361967827,-4.26189126597435,7.1945226342154e-05,0.00555085092470619,1.513398276517
"MAST4",-2.2137372903784,7.66213511594277,-4.25791239722039,7.29363222052257e-05,0.00558278674297148,1.50088350646574
"DHCR24",-2.81254020131183,10.7684012945429,-4.25680117546603,7.3215471512242e-05,0.00558278674297148,1.49738944335638
"CD38",3.27667427158916,7.28669426093532,4.25286901960929,7.42116035604241e-05,0.00559668338560937,1.48502915843783
"FOXN3",-1.6229955215304,9.54902843364403,-4.25269428697409,7.42561719234927e-05,0.00559668338560937,1.48448004259391
"SHMT1",-1.97763127344108,6.91111730984797,-4.24358460930037,7.66160077906142e-05,0.00574135704357367,1.45586801479469
"IL22RA1",-2.02391516359139,7.51806640490514,-4.23821863376124,7.80398804027314e-05,0.00579502508808396,1.43902917151218
"SMAD5-AS1",-2.10989542413379,6.60494074795567,-4.23754265299813,7.82210610861859e-05,0.00579502508808396,1.43690867303128
"CCL27",-2.80274460142095,6.99946340716591,-4.23200852423877,7.97197543808224e-05,0.00587268857272058,1.41955513043858
"SDC1",-2.60433610071581,10.1073437723977,-4.22633947344868,8.12838090359088e-05,0.0059542673371866,1.40179069794685
"SLC2A3",1.95876058516387,10.2731873084483,4.22346392251473,8.20884739037779e-05,0.00596281763266992,1.39278465063529
"ITGB4",-2.22107777442629,6.75089002303625,-4.2226588180294,8.23151448639149e-05,0.00596281763266992,1.39026368405078
"SULT2B1",-3.01380229545781,7.53941166860933,-4.21832864000076,8.35447075225859e-05,0.00601844995241435,1.3767091929041
"PAIP2B",-2.48040003022055,7.25367495668077,-4.21598261392014,8.42182744926862e-05,0.00603363780829745,1.36936859501174
"DSC3",-4.49215451421134,7.84856874785751,-4.21391224545825,8.48170625907079e-05,0.00604333157989203,1.36289228363347
"ALOX12B",-4.23964662619781,5.70039154764752,-4.21042168671968,8.58359402160171e-05,0.00604933463434541,1.35197723772142
"WNT4",-4.06244692193169,4.51046237325532,-4.20933364395706,8.6155950038917e-05,0.00604933463434541,1.34857587178423
"GRB7",-1.43075344698743,7.41855885795293,-4.20886839445683,8.62931391968899e-05,0.00604933463434541,1.34712158028423
"TGM3",-2.98400410957774,7.50201573430744,-4.20546637326609,8.73027474097235e-05,0.00606977583049433,1.33648998854477
"FCGR1A",2.27199724093097,8.39462140366764,4.20475349920182,8.75157493774779e-05,0.00606977583049433,1.33426276896456
"LY6G6C",-3.68169172546091,8.25357187764311,-4.19963851697009,8.90588934278482e-05,0.00611178374424059,1.31828791867799
"GUSB",1.17161842081157,12.0332291745531,4.19780637483607,8.96180144369693e-05,0.00611628520306696,1.31256834414205
"FAT2",-2.56737971646772,6.97807319356286,-4.19635729503706,9.00626396954411e-05,0.00611628520306696,1.3080455389949
"ELOVL4",-4.7829629171964,7.02084325716108,-4.19010040055797,9.20070925333159e-05,0.00619527097913746,1.28852620259223
"ARHGEF4",-1.90768967864252,6.50531089971543,-4.18956301441936,9.21759774486285e-05,0.00619527097913746,1.28685045819408
"SCNN1A",-2.26791789446632,7.02461806066883,-4.18202843873487,9.45756979636304e-05,0.00632396167050142,1.26336711822409
"ISG20",2.67212618424789,9.55243251683697,4.17601973763952,9.65326526890768e-05,0.00642188397149425,1.24465551108401
"MMP9",2.75328395904547,11.2889201909529,4.17202948337206,9.78538098738642e-05,0.00645713434593246,1.23223737138254
"GLT8D1",1.06187366641784,11.012433422166,4.17143250758661,9.80529642223044e-05,0.00645713434593246,1.23038005244859
"GJB3",-2.71796249991206,7.30031665355035,-4.16300785094964,0.000100905627460233,0.00661160038419086,1.20418416036459
"ITGAX",2.92380777751328,8.01951172026404,4.14954795891907,0.000105630557618654,0.00688658420394816,1.16238992086089
"MPHOSPH9",1.19560692367185,8.89627976155344,4.14768109439927,0.000106302557960765,0.00689591568781299,1.1565988198807
"TRPM4",-3.18259093798691,5.6637335144808,-4.14152588932047,0.000108547603791356,0.00700669408829449,1.13751493703591
"AACS",-1.58321006511808,10.3053995832428,-4.13928127573362,0.00010937765274086,0.00702118672400389,1.13055940036804
"ETFDH",-1.31736814086267,8.16045400365234,-4.13738175141165,0.000110084879207164,0.00702118672400389,1.12467479052306
"EPB41L4A-DT",-2.02571407072391,4.68456752498297,-4.13657241341778,0.000110387551071462,0.00702118672400389,1.12216795010387
"TMEM134",-1.39284850302918,10.1221272764335,-4.13216584349719,0.000112049660566099,0.00703062232972712,1.1085236648926
"LAPTM5",2.23096652108126,12.1521722503737,4.13197409612284,0.000112122532006671,0.00703062232972712,1.10793012470371
"DLG5",-1.68042208489752,9.22833182967713,-4.13189265464199,0.000112153496785278,0.00703062232972712,1.10767803293156
"AGR2",-3.16858074614025,5.10976491627369,-4.1286894875498,0.000113377945997738,0.0070686083503009,1.09776514897838
"GPR87",-4.08869737429545,6.28255843709439,-4.12747989161829,0.000113843680770242,0.0070686083503009,1.09402286921208
"MAPK8",1.43389548794512,6.41886881747571,4.12516044734386,0.000114741921100328,0.00709061568354115,1.0868485583605
"CHN1",1.93192294623151,9.78363678218474,4.12132882497,0.00011624079699362,0.00714935732075384,1.07500165212632
"ERBB2",-1.73378257915878,8.53848582002955,-4.11701369102463,0.000117951467973093,0.00722051263333877,1.06166687937469
"KRT31",-2.16855725717777,6.80307200442893,-4.1137649163606,0.000119255420531453,0.007266221627615,1.05163237181473
"TYROBP",2.72473680706197,11.3730611097138,4.1063976695007,0.000122264195913891,0.0073854680040737,1.0288929566032
"SULF1",2.32933843818754,9.81857220619946,4.10620137860264,0.000122345355386143,0.0073854680040737,1.02828739503227
"AADAC",-3.62367094397301,5.06890240479041,-4.10218348112032,0.00012401809614925,0.00745194449626762,1.01589553674917
"FCGR1BP",2.5460951753128,9.2607970931207,4.10064343975272,0.000124665087919127,0.00745645908888762,1.01114753589992
"TNS3",1.20761969001607,12.1637846377309,4.09016383138766,0.000129155072404875,0.00768973967619711,0.978864216101073
"KRT23",-4.66964667372807,6.70941389001013,-4.08718534205986,0.000130459443996741,0.00773209404669775,0.969696916552207
"ASS1",-2.70475755403366,8.79503522173306,-4.07930945464613,0.000133970110212682,0.00786863183361786,0.945473750675741
"TNC",2.541667696806,10.7453233653641,4.07316404302638,0.000136772588562486,0.00792387587847683,0.926590556347327
"LRBA",-1.02755262137058,9.90858937994927,-4.07283639976534,0.000136923581078396,0.00792387587847683,0.92558423346931
"PRSS8",-3.14665570470618,6.84589111598905,-4.07240822009624,0.000137121147753955,0.00792387587847683,0.924269189950546
"HR",-1.72553374457372,6.98836859682638,-4.07193133831573,0.000137341509972833,0.00792387587847683,0.922804659401415
"PGAP2",-1.22545365910951,9.58519667344993,-4.06840710935545,0.000138980649999373,0.00798312200591111,0.911984463754504
"ADH1C",-2.15526312340549,5.13203925177395,-4.06112297665258,0.000142428591970554,0.00809554581805511,0.889636759868592
"HSD17B11",1.14033860960381,11.3099614747957,4.06036929642357,0.0001427900223629,0.00809554581805511,0.887325724003469
"PHC1",1.16265304755389,10.1442582968757,4.05877595937491,0.000143557029006817,0.00809554581805511,0.882440794136104
"LEF1",2.19513850095267,10.0935437265029,4.0579630110645,0.000143949899218161,0.00809554581805511,0.87994882336668
"FKBP11",2.11299258877197,11.9918619025826,4.05671646434649,0.00014455432838543,0.00809554581805511,0.876128254374309
"CALML3",-3.14053390033144,8.1176170918561,-4.05306916484811,0.000146336938466777,0.00809554581805511,0.864953269546184
"ENTPD1",1.57085241622673,9.47415863988637,4.052820614581,0.000146459185722537,0.00809554581805511,0.864191935908655
"SH2B3",1.57422979377334,11.0202740629523,4.05268543053177,0.000146525716163893,0.00809554581805511,0.863777864802887
"ZNF273",-1.66369951258343,8.56766988702904,-4.04802204242864,0.000148838724169278,0.00815423581698832,0.849498480265284
"ADIPOQ",-3.5769064706702,7.25224030565619,-4.04284098926051,0.000151449792979024,0.0082625684127761,0.833644619956317
"LYZ",3.01369081767372,12.6134927143944,4.04061052414897,0.000152587423401205,0.00826912513635649,0.826822916183048
"AKT3",1.25501811434943,10.5370483277571,4.04012072413726,0.000152838343267269,0.00826912513635649,0.825325179352205
"RBP4",-3.22900844414635,5.37139238410375,-4.03839208682642,0.000153727092239256,0.00827483970854974,0.820040060816376
"DPY19L2P2",2.05040301990601,8.57936744493218,4.03745064934504,0.00015421321030582,0.00827483970854974,0.817162244924085
"LAT2",1.41885087495056,7.98148717210306,4.03318436866884,0.000156434778469658,0.00835964375600768,0.804125594247791
"CTNND1",-1.01755482660242,10.9604109948664,-4.02512503385633,0.0001607159966408,0.00854363115280879,0.779519185983126
"RAB27B",-2.0177233867408,5.16116295916169,-4.02373689126388,0.000161464709818907,0.00854363115280879,0.775283725862019
"F2RL1",-2.61864984854675,7.59822599082891,-4.02303703324316,0.000161843461518811,0.00854363115280879,0.773148647064533
"GRTP1",-1.53168892112852,3.97457450538288,-4.02124275744125,0.000162818411247329,0.0085487447039504,0.767675736013921
"AQP5",-2.44445739910704,5.45834380694215,-4.02039440461369,0.000163281346966704,0.0085487447039504,0.76508855733509
"P2RY2",-1.99401615300044,5.05590257522806,-4.01897218602147,0.000164060282298073,0.0085487447039504,0.760751970008891
"ADA",1.25616793485801,8.99741683566264,4.0180580350101,0.0001645628438294,0.0085487447039504,0.757965017919769
"CEBPG",-1.14606773736192,9.11192401847687,-4.00739716475158,0.000170534401322698,0.00882380182082009,0.725489530100988
"FCER1G",2.48262113002393,11.8415480597862,4.00589103026959,0.000171394700002906,0.00883326281951737,0.720905373637162
"TRIB2",1.81393437079783,11.5941513002757,4.00193980598467,0.000173671550080336,0.00891536748621063,0.708883777998672
"PHTF1",1.21208809997363,8.39099258984319,3.99612151964293,0.000177077407838391,0.00905344301446402,0.691193727430582
"DNASE1L2",-2.89054432114467,5.93699265079065,-3.99325266835824,0.000178780350432463,0.00905344301446402,0.682476512182546
"PPFIA3",-1.24796704821823,8.01598036057373,-3.99307884701586,0.00017888403569131,0.00905344301446402,0.681948456007482
"RNF39",-1.69193575646912,8.45562699247076,-3.99084248741075,0.000180223213099567,0.00905344301446402,0.675155713379325
"LILRA6",1.99582376818952,7.98986090324363,3.98983859389441,0.000180827500848436,0.00905344301446402,0.672107170682892
"CYP4F2",-2.55770692022353,6.28330296786584,-3.98814445834252,0.000181851704559578,0.00905344301446402,0.666963532944804
"RORA",-2.8758478266284,7.63841448781702,-3.98803849681659,0.000181915949826641,0.00905344301446402,0.666641859355797
"DSG1",-6.13916231146578,6.18684150184143,-3.98613072529324,0.000183076393261961,0.00907655167963006,0.660851147223057
"IRX5",-1.94692214908328,7.57175994827318,-3.98282744619257,0.000185102566201376,0.00914224379052932,0.650828294440295
"IFI16",1.00998767959712,12.6906413060927,3.9809204456587,0.000186282102117965,0.00916578237553262,0.645044176115095
"KCND3",-1.88170786550179,6.142557799495,-3.97815898870606,0.000188002983905843,0.00921568010206123,0.636671172030194
"C1QB",3.00226346248494,11.0166710200363,3.97362759524568,0.000190860076008851,0.00932069112763823,0.622938643426544
"SGCG",-2.26864822240096,4.81377198665911,-3.96980875598556,0.000193300318715433,0.00940463752138259,0.611372388325717
"CYP4F3",-2.22275743566503,5.56624053807186,-3.9626184250011,0.000197976722225577,0.00946972597189474,0.5896118319336
"FRAT2",-1.04196231468858,8.98536943902231,-3.96219744236904,0.000198253867075491,0.00946972597189474,0.588338476911646
"LY6D",-5.55669469980338,6.59897588305074,-3.96217380833773,0.000198269437098494,0.00946972597189474,0.588266992830255
"PGRMC2",-1.48398740771643,10.2791766606726,-3.95813639490172,0.000200946619810547,0.00956256560477999,0.576058875841066
"CRY2",-2.55940432373277,6.06074523152329,-3.9492685075038,0.000206949548940198,0.00975955754149162,0.549269412622144
"NTRK2",-2.00809184547586,7.39395612773048,-3.94874070585249,0.000207312222517613,0.00975955754149162,0.547676025123475
"PSPN",1.64790911934805,5.84252047870542,3.94762607036318,0.00020808014391707,0.00975955754149162,0.544311434877773
"JUP",-3.8664071060874,9.19724817991244,-3.94209558153729,0.000211931003184873,0.00990454605923856,0.527625335576351
"CXADR",-3.05339209704644,9.61527339589759,-3.93793127630183,0.000214875755248136,0.0100063034738588,0.515069958822919
"GIT2",1.45213931952265,8.68802315533594,3.93635483940207,0.000216000758462423,0.0100228964042403,0.510318977483691
"CSNK2A2",-1.19315156936502,10.2741904544246,-3.93515947364783,0.000216857590611271,0.0100269720708524,0.506717171633773
"CERS4",-3.55923856833509,5.81838891400255,-3.92490860939589,0.000224340828339431,0.0103116972327908,0.475855541714707
"TMPRSS4",-2.61951612400185,4.72989817472169,-3.92456336757572,0.000224597132764215,0.0103116972327908,0.47481694566715
"CA12",-2.34546967064499,9.04162752116796,-3.9225414693424,0.000226103835574345,0.0103444488142241,0.468735490186579
"SLC16A4",3.0461771700126,8.84086695017119,3.92138757478129,0.000226968060739557,0.0103476802237171,0.465265616736425
"LDHB",1.17896745136043,13.9164752078556,3.91785195201955,0.000229635938332065,0.0104328327523059,0.454637299518978
"NET1",-1.52368976448516,10.0517400252413,-3.91244222100652,0.000233776416405794,0.0105840649080387,0.438385941955428
"PIP",-4.1396887176158,7.5657571558373,-3.91135113415229,0.000234620162788351,0.0105855096975686,0.435109774754007
"CALU",1.70498009395804,11.7970493129234,3.91001571482508,0.000235656838676734,0.0105956190327791,0.431100674390009
"SLC20A1",1.97145629604617,12.017913103081,3.90654675153183,0.000238370387625531,0.0106807954785199,0.420690082188012
"SAMSN1",2.65849432040803,9.29819133049143,3.9043265453313,0.00024012285133266,0.0106854294788513,0.414029886678521
"GAS6",-1.57631626302872,9.82451252985021,-3.90354714912798,0.000240740979956915,0.0106854294788513,0.411692363942962
"CTSL",1.7216253832393,12.8393660787431,3.90330630349601,0.000240932300543161,0.0106854294788513,0.410970087212492
"CDSN",-5.28389726419771,6.3542325840257,-3.9009053506358,0.00024284755384113,0.0106975988328868,0.403771227075111
"SCGB1D2",-4.82075303422883,5.86645666957547,-3.89924419176231,0.00024418122561475,0.0107201313157937,0.398792012356528
"EPS8L2",-3.67375492026824,6.24533479666727,-3.89649111819591,0.000246407063443771,0.0107597526232984,0.390542550858766
"LYPD3",-5.05784558515099,7.62599955839166,-3.8960886217453,0.000246734108011828,0.0107597526232984,0.389336770228851
"BMAL1",-1.08180642742546,8.25273640765944,-3.8947359562733,0.000247836262783782,0.0107717901014591,0.385285043633773
"GPR19",2.54324938266608,8.43446456488598,3.88984414902669,0.000251861748304941,0.0109103831765719,0.37063908734355
"CRISP3",-3.45766337709632,3.74429037122662,-3.88780580037301,0.00025355759233688,0.0109474749883463,0.364539463302449
"ICAM1",1.73697950315049,9.99949930383921,3.88496197898362,0.000255941907074101,0.0110032236623048,0.356032609513425
"TPPP3",-3.18092128577804,6.86271211796666,-3.88425670978349,0.000256536543702789,0.0110032236623048,0.353923463586954
"TRIM16",-1.55004017819911,8.95867672223639,-3.88245463518389,0.000258061969538405,0.0110105520551626,0.34853526995417
"MYH14",-1.66845888132377,6.6471613696126,-3.88206107718248,0.000258396267265876,0.0110105520551626,0.347358726537058
"RNASE2",1.82590535496897,7.8535469473576,3.87794432464306,0.000261918166901784,0.0111242702874018,0.33505582594223
"DSC1",-6.31570955599558,6.09673585643387,-3.87191410032921,0.000267160410207713,0.0113100798334363,0.317048216143869
"ALDH3A1",-3.59842285675469,5.1292960034072,-3.85927399407572,0.00027847774346676,0.0117510397963206,0.279354990272234
"S100A14",-3.17497209554445,8.51537251527038,-3.84510998776448,0.000291706337327908,0.0121153257101485,0.23720305851407
"CCR1",1.86323297069843,9.71646635797069,3.84503815859606,0.000291774935474051,0.0121153257101485,0.236989527111717
"SLC15A1",-2.02303360463817,6.55058984741402,-3.8436127748553,0.000293139409026135,0.0121153257101485,0.232752676995408
"HRAS",-1.32656811880078,9.91781619868693,-3.84351189613984,0.000293236208646344,0.0121153257101485,0.232452857236551
"SCGB2A2",-5.2744154002202,6.16769481164905,-3.84249766532903,0.000294211134681589,0.0121153257101485,0.229438737322984
"FOXM1",2.19757633056036,9.32304688415939,3.84179665405559,0.000294886796797929,0.0121153257101485,0.227355725062879
"LCE2B",-5.21657012570747,7.1001011641874,-3.84141164441068,0.00029525851745705,0.0121153257101485,0.22621178731663
"SLC27A6",-2.45183558564866,3.94321373170404,-3.8403376992305,0.000296297772557653,0.0121153257101485,0.223021245387384
"ERV3-2",1.82663301804426,7.47958859262018,3.83956236451014,0.000297050243893999,0.0121153257101485,0.220718159404226
"BICD1",1.84787778302456,7.95094050090947,3.83927314116402,0.000297331407872345,0.0121153257101485,0.21985910851329
"CALCOCO1",-1.03560582678868,10.0280723687456,-3.83722076959293,0.000299333937893511,0.0121589259071448,0.213764249178604
"MYMX",-1.69953790385834,5.23248036933194,-3.83522800015472,0.000301290693094235,0.012200401699552,0.207848222109764
"MCM6",1.17932289453939,11.619715210314,3.83400643143465,0.000302496246929288,0.0122112958628823,0.204222588266846
"SIGLEC7",1.28569648818714,7.6345148296065,3.83290111912254,0.000303591056143832,0.0122176659909242,0.200942590988705
"PERP",-3.76008058610285,10.5122123259768,-3.83037677083138,0.000306105691752544,0.0122809603531121,0.193453714718347
"DPY19L1",1.3157281444268,9.1142063708893,3.828077147625,0.000308413851590095,0.0123356080088443,0.186634051309436
"LINC00302",-3.7078944195238,5.6557939765518,-3.82251098829623,0.000314069996864803,0.0125234210676457,0.170137290582567
"CD1D",2.41534187806564,6.43527462320416,3.81963891092574,0.000317027289820663,0.0126028013169867,0.161630686521598
"PLAUR",1.84113176244987,9.96513714569144,3.81599446334916,0.000320818332504883,0.0126905023482138,0.15084189520064
"ANGPT2",2.08546277424926,7.31076673806643,3.81512166058245,0.000321732675292396,0.0126905023482138,0.148259009578807
"C5AR1",2.23140258251535,9.03013390026184,3.81460864664282,0.000322271271163491,0.0126905023482138,0.14674101036888
"HEY1",2.47203463173759,11.7394842870836,3.81379570077352,0.000323126526543983,0.0126905023482138,0.144335765339427
"UNC93A",-2.52843558086148,5.78681464698612,-3.81044857209311,0.000326670840952097,0.0127911744599832,0.134435888273094
"RAB11FIP1",-1.61892281856481,9.50057194122507,-3.80944329511397,0.00032774260030076,0.0127947178602443,0.131463563996991
"HLA-DQB2",-2.51192167372788,7.88947233463477,-3.80773197215139,0.000329574858722662,0.0128278405459247,0.126404727834849
"GABRE",-2.58855303233452,6.5393978020707,-3.80395359397863,0.000333655091474965,0.0129480021956609,0.115240252953119
"TMC5",-1.72237548221618,5.15326137841547,-3.80172899705683,0.000336080016658553,0.0129761833086109,0.108670019801013
"CD53",2.07712034426793,11.7958230240744,3.80146249253535,0.000336371651070672,0.0129761833086109,0.107883065498445
"PCYOX1",-1.68909497773103,8.50996569447832,-3.80042642790474,0.000337507717424468,0.0129816021460107,0.104824008562511
"ALDH3B2",-4.21162392104437,6.92624051221713,-3.79844505155969,0.000339690589426941,0.0130161030187902,0.098975229900498
"IL37",-3.916022327442,5.32835004792063,-3.79780267665428,0.000340401190996814,0.0130161030187902,0.0970794077645563
"SAA2",-3.4206432830818,5.64542764140376,-3.79336792690205,0.000345345973982217,0.0131665677039594,0.0839964680767764
"SERPINA1",2.40735917217359,9.32706400679182,3.78813949164397,0.00035126417043138,0.0133531589453492,0.068583778781
"FHL1",-2.51217135938223,9.49494770570043,-3.78580992057054,0.000353932258987722,0.0134154730376189,0.0617206155838224
"TGM1",-3.63328630484867,5.38660356260185,-3.78450170080134,0.000355439084289453,0.0134335368697107,0.0578675666027477
"MST1R",-2.21467308555636,7.04021227754562,-3.77782830578924,0.000363221739836913,0.0136485540799237,0.0382250600512268
"CYP3A5",-2.22084870063621,6.43960578101378,-3.77524927054739,0.000366272989201425,0.013697292789809,0.0306394702086781
"PDIA4",1.314789521607,11.2885004441412,3.77389690463744,0.00036788276817122,0.013705209754813,0.0266630624129203
"GATA3",-3.0675318501211,7.91381717316378,-3.77131598566633,0.00037097377543878,0.0137418382328019,0.0190766670846587
"DNAJC12",2.42104006921567,8.11188711890043,3.76990592794813,0.000372673007256695,0.0137656751887253,0.0149332346719637
"SCG2",2.05738982320846,8.31250750755782,3.76842849714702,0.000374461426025676,0.0137926625252791,0.0105928245317806
"PTGER3",-1.70050257236773,6.66068586380886,-3.76722741132924,0.000375921386216157,0.0138016526330453,0.00706501556649819
"SNX10",1.81969641937051,11.0723489393682,3.76410991475397,0.000379736291306635,0.013846044125397,-0.00208849212087525
"SPTBN2",-2.39961982278209,6.45313227266801,-3.7631888580228,0.000380870472634412,0.013846044125397,-0.00479200248668477
"HLF",-2.67239789146713,6.2276276804969,-3.76264658696435,0.000381539737032434,0.013846044125397,-0.00638350507383034
"CDC50B",-2.13568153377952,7.48454240301072,-3.76165934679538,0.00038276106959721,0.013846044125397,-0.00928058639799634
"CHAD",-1.75511978136805,4.32943727505988,-3.75242200044003,0.000394371607760676,0.0142050038497002,-0.0363656442978115
"AHNAK",-2.10227146729572,10.9913540960746,-3.74910252055344,0.000398625676373636,0.0142793411929556,-0.0460889742988009
"AQP3",-3.65822535126706,8.81858360286479,-3.74594495832282,0.000402712981471182,0.0143862316860349,-0.055333200498195
"KRT9",-2.40394801410222,8.03487588886448,-3.74451751010155,0.000404573880045358,0.0144132208248946,-0.0595107206077392
"EHF",-3.27766935426309,4.66232581257839,-3.73953170413091,0.000411138438226534,0.0146071773733945,-0.0740944546342233
"KLRC2",2.77213779869351,6.38415672328193,3.72926156762769,0.000424983304660351,0.0149538150249135,-0.104098037947297
"DEFB1",-3.53959384061934,7.63945638092705,-3.72918048030909,0.000425094370752828,0.0149538150249135,-0.104334730587856
"MYCL",-1.41845146832885,7.68406173581389,-3.72889732611797,0.000425482427658785,0.0149538150249135,-0.105161228839282
"IFI30",2.25689528900574,12.3485417795181,3.72790284922675,0.000426848024713932,0.014961482242594,-0.108063703818699
"SOX10",2.16148537738835,11.1947652848847,3.72698538707191,0.00042811158445355,0.01496554142008,-0.110740987214912
"ACE2",-1.30809974198563,5.9043125021603,-3.72326101721317,0.000433277754831032,0.0151056380888819,-0.121605110804506
"PMVK",-1.44348842381227,10.1195937905636,-3.72101983667629,0.000436415238862192,0.0151644379798318,-0.128139534827584
"CPA4",-1.50445628014011,8.6674438639881,-3.72039748294501,0.000437290335180364,0.0151644379798318,-0.129953655442842
"RAB25",-4.4732309622373,7.10618097457265,-3.71660283799963,0.000442662438801147,0.0152739398424362,-0.141010802667104
"COBLL1",-1.39411910782341,7.82380741833349,-3.71651270743197,0.00044279080147564,0.0152739398424362,-0.141273348975808
"ACSM3",-1.91482027940655,6.59586162358402,-3.71459987895233,0.000445523434321603,0.0152890445939453,-0.146844418101401
"EPN2",-1.27439902445388,7.92530927352241,-3.71397298322884,0.000446422510083796,0.0152890445939453,-0.148669857331742
"HYAL1",-2.33955883471229,6.54193181643373,-3.7137474583692,0.000446746375511402,0.0152890445939453,-0.149326510617726
"SLC18A2",-2.77600213931636,5.69342055368936,-3.7126843903743,0.00044827602463777,0.0153012332074657,-0.152421483270222
"CALML5",-5.66589768518325,7.27182487755961,-3.70803778471349,0.000455021014638037,0.0154544772885729,-0.165943076596053
"ITGA2",-1.11855598971625,7.99503923916794,-3.70795909283365,0.000455136074761255,0.0154544772885729,-0.166171980487856
"CEACAM6",-2.28862132250025,7.42885415815136,-3.70220559806227,0.000463624393789161,0.0157018142093945,-0.182900067121576
"SLC38A6",1.50445738991607,10.224745846516,3.69922638624165,0.00046807898683818,0.0157672052192075,-0.191555780684581
"PRSS3",-2.10564670275369,8.10320096773321,-3.69849229571768,0.000469182884044215,0.0157672052192075,-0.193687930733974
"KLK7",-4.35410604497504,6.7748295788632,-3.6964547578623,0.00047225990998918,0.015829812252825,-0.199604557875037
"CENPF",1.64515858343916,9.31845757710773,3.69229108773102,0.000478607841877234,0.015882206095392,-0.211688861623684
"NTF3",-1.54313611584862,6.70036163291041,-3.69204281290114,0.000478988926752537,0.015882206095392,-0.212409170906879
"ACAD8",-1.17219599603565,9.61469269549434,-3.69089341303011,0.000480756959039272,0.015882206095392,-0.215743489121257
"SERPINB8",-1.59098560526627,8.82380709697357,-3.69007940815863,0.000482012850029582,0.015882206095392,-0.218104467712475
"RUNX1-IT1",1.95665304132023,7.03982453366859,3.68993459396956,0.000482236605495436,0.015882206095392,-0.218524460223096
"CLIC3",-4.10535275386953,6.85539101040024,-3.68986162844283,0.000482349383677829,0.015882206095392,-0.218736072220996
"KRT15",-5.62877926397667,6.13843163798842,-3.68737617748352,0.000486206074616649,0.0159688690350793,-0.225942753898569
"ACADSB",-1.55378314735019,7.79301054677418,-3.68555643445344,0.000489048448766762,0.0160218661393714,-0.23121729335506
"NT5DC3",1.41484088201938,8.96876864036919,3.68249617280153,0.000493864305402193,0.0161159807393074,-0.240083877967034
"ESRP2",-3.10569814838811,6.56194087874976,-3.68216185429188,0.000494393150987265,0.0161159807393074,-0.241052234308079
"SCEL",-5.26021993343617,5.44900791717685,-3.68122972034199,0.000495870516707517,0.0161238295943873,-0.243751882500593
"TYMS",1.704048161217,11.0976086752191,3.67776438203577,0.000501399903378978,0.0162123957917273,-0.253784514008144
"CLDN10",-1.37674337966298,7.64594195605047,-3.67664190810758,0.000503203547805216,0.0162123957917273,-0.257032983331378
"LINC00328",2.38685546027491,6.54487737434425,3.6759980797074,0.00050424087718421,0.0162123957917273,-0.258895964189494
"EMP2",-2.12328857902522,10.4574131415369,-3.6724092173623,0.000510060745884646,0.0163006913372301,-0.269277006588561
"SERPINB5",-6.14562234220379,6.38125934063494,-3.66747137909847,0.000518173126786201,0.0165194606361009,-0.283549835633671
"ARHGEF40",1.53629213247649,10.6649670263763,3.66350485867493,0.000524778828839298,0.0166371122212085,-0.295006479321112
"HJURP",1.59362298694482,9.13133804424462,3.66274390174688,0.000526055259082166,0.0166371122212085,-0.297203502631156
"BLM",1.11726987080666,9.45601206090299,3.66046121300621,0.000529902053704253,0.0166371122212085,-0.303792353684321
"MKNK2",-1.25242421609641,12.1697072192577,-3.66010441661182,0.000530505750085032,0.0166371122212085,-0.304821996533606
"INAVA",-2.61061819339914,8.36983513122064,-3.6582742347252,0.000533612739370028,0.0166371122212085,-0.310102557988469
"PTK6",-4.23553377145151,5.50287706070999,-3.65824903045962,0.000533655648163543,0.0166371122212085,-0.310175267585541
"PYCR1",1.33998696159057,9.88209075174336,3.65813735664194,0.000533845805967952,0.0166371122212085,-0.310497421953448
"KLF4",-2.72083275117761,9.79288618810881,-3.65809832713814,0.000533912280531616,0.0166371122212085,-0.310610012039938
"CAT",-1.10073902571559,10.935349734604,-3.65802239699255,0.000534041626451167,0.0166371122212085,-0.31082904886242
"CD163",2.47195097326517,10.5923593367135,3.65626598731584,0.000537042008857476,0.0166371122212085,-0.315895004225947
"AR",-1.18468132256224,7.34412123047746,-3.65618837789457,0.000537174955527939,0.0166371122212085,-0.316118815795965
"KLK5",-3.12936290603888,8.19335915288609,-3.65401341774053,0.00054091351492643,0.0167132021827624,-0.322389811386806
"JMJD7",-1.63195164006127,8.01582074891897,-3.65025904978949,0.000547425447164841,0.016874421762606,-0.333209221225988
"CLXN",-1.8747597254382,5.54300790128162,-3.64705592633846,0.000553040341535627,0.0170059267774721,-0.342434588060843
"KYNU",2.11029521735468,8.61652003449081,3.64586536629938,0.000555141304721839,0.0170059267774721,-0.345862257010734
"CD180",2.22557688543043,7.13828670778015,3.64560356277994,0.000555604326037512,0.0170059267774721,-0.346615906349366
"CDH22",-2.27456378149387,5.63109674142593,-3.64389301450506,0.000558638656428679,0.0170587574734743,-0.351539204921648
"ATF3",-1.76236865797791,9.8306446322638,-3.64149082402922,0.000562926596801249,0.0171495324665689,-0.358450762499413
"AP1S2",1.67003597879278,11.4649696333355,3.64031995234641,0.000565027985466169,0.0171734263461384,-0.361818554819245
"BAG1",-1.00029083642787,10.3879257133828,-3.63909555464889,0.000567233444022234,0.0172003648293161,-0.365339583880444
"SCGB2A1",-3.027864235038,3.47790610759677,-3.63357843704375,0.000577273504613662,0.0173835317012876,-0.381196137655892
"AEBP1",2.01831630941159,11.7927639352575,3.63259917983567,0.00057907318478783,0.0173975466738445,-0.384009019792145
"ADH1B",-3.48508715801909,6.90851675264138,-3.63183908001261,0.000580473785701125,0.0173995349235792,-0.386192054122924
"ZFYVE21",-1.22248213470429,9.17847349561445,-3.62878549574268,0.000586133122663472,0.0175000720453652,-0.394959187062858
"POU2F3",-3.42748140423613,4.78717370590264,-3.62858200987302,0.000586512116253133,0.0175000720453652,-0.39554325094433
"WNT7B",-1.83258931231343,4.41741353290416,-3.62283015281653,0.000597322182527783,0.0177010998590449,-0.412044298652413
"RHOBTB2",1.97044507959492,6.28485589871091,3.62061830154469,0.000601529518392311,0.0177853591617173,-0.418385347861515
"DLEU2",1.3396521855332,8.06113321082357,3.61965387101436,0.000603372872065711,0.0177994997259385,-0.421149468621823
"CD300A",1.63540559035692,7.94136963774094,3.61651066315392,0.000609418068147508,0.0179372509945268,-0.430154908249498
"FERMT1",-3.21303606505126,6.93288544724289,-3.61575149142942,0.000610886785752208,0.0179399837824843,-0.432329236772646
"TIMP4",-3.14220801863666,4.88473375534289,-3.61487963839826,0.000612577663889084,0.0179492138414602,-0.434825940810995
"FKBP5",-3.3461169103308,5.3922285676203,-3.61095267791081,0.000620249109679276,0.0180926804051635,-0.446066802714746
"TACSTD2",-4.0020651627018,7.75360114070612,-3.60278872346501,0.00063649181191261,0.0185172100301192,-0.46941144853476
"FOXC2",1.98794085129759,5.10734364871348,3.60221766255205,0.000637643017372769,0.0185172100301192,-0.47104314221062
"TNMD",-2.50965913102782,4.20967067430388,-3.59839031533733,0.000645409967566911,0.0186969603481828,-0.481974831271484
"HIP1R",-1.53133149830763,8.43134325018144,-3.59746220356014,0.000647306950210179,0.0186969603481828,-0.48462460732689
"LHFPL2",1.22830117749224,11.0404067809682,3.59705811848319,0.000648134525452768,0.0186969603481828,-0.485778143140958
"CLCA2",-4.20057921596151,7.17752976729903,-3.59470375326726,0.000652976404967943,0.0187950537403466,-0.492497492603338
"EPCAM",-3.24230413964126,6.2921621807795,-3.59196200160997,0.00065865840683263,0.0188670093678679,-0.500318947746726
"DUOX1",-2.70926444053436,6.62535199565965,-3.59141002419605,0.000659808006691797,0.0188670093678679,-0.501893130906102
"TUBA4A",-2.19869084281917,10.5091333676055,-3.59140562107078,0.000659817184734088,0.0188670093678679,-0.501905687555985
"PLXNB1",-1.90247822738029,6.39454629788229,-3.5901079364085,0.000662527435370338,0.0189030530192425,-0.505605947740525
"POF1B",-3.91565216095879,6.51429756726063,-3.5877670057446,0.000667443380085627,0.0190017341330491,-0.51227881974617
"IL10",1.75914657804971,6.49229124577858,3.58598723949637,0.000671204114655225,0.0190671687385392,-0.517350242417015
"IL36RN",-2.39058583088434,7.67150355841636,-3.58343646656923,0.000676629238367707,0.0191794970414707,-0.524615868146699
"TAF15",-1.0600082863012,8.439609333398,-3.57825291767257,0.000687782850058541,0.0194533635182501,-0.539370627225262
"ARHGAP15",2.02833487231442,8.94623513831314,3.57434871295208,0.000696299036730874,0.0196516085279954,-0.550474860866386
"ZNF710-AS1",-1.36945840700665,8.14297152365188,-3.57075804383907,0.000704219877388602,0.0197557547336984,-0.560680564960707
"COL4A1",1.47116545594403,11.8270262019916,3.57070245376927,0.000704343178172071,0.0197557547336984,-0.560838516654313
"MYCBP2",-1.20659691032694,10.9187343142085,-3.57061619386615,0.000704534546450629,0.0197557547336984,-0.561083609460136
"P2RX5",2.61305572170075,7.43437749266193,3.5670582953208,0.00071247104577883,0.0198927408263601,-0.571189498905445
"ZNF185",-1.8134783019379,9.30006255142857,-3.56507440166883,0.000716933347331474,0.019974559649263,-0.576821792653189
"ECHDC2",-2.27956862769397,8.57171594465099,-3.5610021265042,0.000726176468679129,0.0201889445098234,-0.588376785516072
"OLFML2B",1.89406104216201,9.65780734634701,3.55825101045738,0.000732484946199208,0.0202453875284664,-0.596178265618252
"DUSP6",1.68617358984243,12.0858316167637,3.55816923496241,0.000732673258357446,0.0202453875284664,-0.596410101863341
"PTPN3",-2.36857957750473,8.09092943240084,-3.55808611797579,0.000732864706912813,0.0202453875284664,-0.596645737807953
"CRCT1",-4.95690470898232,6.13819779436335,-3.55709023823761,0.000735162285075322,0.0202659218500996,-0.599468775927561
"ARHGEF5",-2.42511492256921,8.2688051480793,-3.55237054002655,0.000746144569526412,0.0205252722406221,-0.612840945582121
"PEX3",-1.07773268928755,9.21804433199346,-3.55013403280744,0.000751403059198314,0.0205967932554016,-0.619173619197159
"TREM2",3.06596723047817,8.43254832018944,3.54992184008468,0.00075190379550358,0.0205967932554016,-0.61977431115685
"LGALSL",-2.90470584145885,6.90095445212893,-3.54895781659318,0.000754182716677889,0.0206159086850377,-0.622503056870706
"DUSP7",-1.09937371213471,8.9561093388284,-3.54290756410339,0.000768636072667014,0.0208926008880345,-0.63961798103677
"NNAT",-1.68587122173323,6.8244715033746,-3.54260530263252,0.000769365007910436,0.0208926008880345,-0.640472527688288
"SMPDL3A",-1.59724246882843,10.4822581753403,-3.54200414997968,0.00077081670560982,0.0208926008880345,-0.64217195413366
"DBF4B",1.89132779743138,5.34241912624789,3.54072319590698,0.000773918722978808,0.0208926008880345,-0.645792528093533
"SLC16A10",-1.47734670449806,7.56230799957906,-3.53827877050536,0.000779871237077413,0.0210097955790338,-0.652699291520284
"AKTIP",-1.24697957113001,9.08134309163008,-3.53715474959281,0.000782622976129056,0.0210388837106054,-0.655874206761049
"CWH43",-3.9568272401539,5.65735884144026,-3.53647234329975,0.000784298091797356,0.0210388837106054,-0.657801420209425
"REPIN1",1.0875114029311,11.8875327513292,3.53586509745415,0.000785791576582931,0.0210388837106054,-0.659516169657744
"CEP41",1.20173142794917,7.20234806741219,3.53262265224441,0.000793812065149279,0.0211543790269461,-0.668669041440724
"PRDM13",3.20742041416591,6.97141434126383,3.53173030508998,0.000796032992740334,0.0211543790269461,-0.671187042007984
"SHOX2",1.65908207337177,7.83736461743441,3.53150493606409,0.000796594838732307,0.0211543790269461,-0.6718229176352
"SH3YL1",-1.63385430093845,10.4515021619101,-3.52948512163805,0.000801647107453105,0.0212452777115468,-0.677520635382815
"PAK6",-2.68489634530618,6.90364341903117,-3.52692895453199,0.000808084672004599,0.0213489367937509,-0.684728360039992
"THY1",1.58214662723649,9.83169764393623,3.52616641741455,0.000810014578275528,0.0213489367937509,-0.686877867138547
"MS4A4A",2.56909554307245,10.2921491774477,3.52598656202071,0.000810470412831253,0.0213489367937509,-0.687384815968806
"MSMB",-3.42255390270553,4.74165755515433,-3.52215430992114,0.000820241223783448,0.0214761552548441,-0.698182635642633
"CD36",-2.37472166886449,9.53237760563725,-3.52053239447659,0.000824410139034411,0.0215420517091577,-0.702750301035989
"STARD5",-1.94738551045343,7.65583941683349,-3.51806875410066,0.000830781149621726,0.021621867085664,-0.709685859134881
"BRSK2",1.96266603312788,5.35255041700375,3.51665875538013,0.000834448455385607,0.0216740506170776,-0.713653835628999
"MPC1",-1.38223130782193,10.3039880007805,-3.51433487253833,0.000840526307862326,0.0217885139725982,-0.720191404174747
"ABCA12",-3.83976602660473,5.51673114599349,-3.51231217042794,0.000845850682173978,0.0218830298509256,-0.725879423716656
"SRGN",1.59620091857959,12.3221958726758,3.51112984309451,0.000848977759024252,0.0219008989062068,-0.729203257368975
"B4GALT5",1.02562432395459,11.2232844441156,3.51048430333167,0.0008506897475497,0.0219008989062068,-0.731017735446406
"RHOD",-1.45737410428439,9.4633242758832,-3.51014898438922,0.000851580316392885,0.0219008989062068,-0.731960162449523
"NR1D1",-1.10305505261259,9.60373785109286,-3.50883577586801,0.000855076584631869,0.0219475267460924,-0.735650427796777
"VIPR1",-2.23447253979474,7.00644736416324,-3.50712406209916,0.000859654307962639,0.0219897405920285,-0.740459201733574
"PDZK1IP1",-4.10947771371693,6.57488793712246,-3.50696004931771,0.000860094156141922,0.0219897405920285,-0.740919888809396
"PRRG4",-1.60315334778753,7.69858628631637,-3.50626497769109,0.000861960568206196,0.0219943323852066,-0.742872085554854
"TMPRSS11E",-2.87540823924089,5.15085275327642,-3.50498246239695,0.000865414494424092,0.0220393351421792,-0.74647353698849
"CLC",1.10696709887925,6.76286247632635,3.50058651814291,0.000877353205503919,0.02225643666647,-0.758811402980708
"ACSL1",-1.84015000344479,11.4560230355211,-3.49965625376753,0.000879899641209433,0.0222776920810287,-0.761421044995589
"RHBG",-1.28079635018681,4.79230434216082,-3.49315335299617,0.000897897253643,0.0226785828547147,-0.779650905906732
"KLKB1",2.17639290233022,5.56901587600914,3.49268311673543,0.000899212158592493,0.0226785828547147,-0.780968288840747
"KLK11",-4.32843185244622,6.14561229997492,-3.49115687463249,0.000903492546862707,0.022730073373292,-0.785243316963784
"HAS2",2.08909641796908,9.25667272740413,3.48691864733444,0.000915480473942571,0.0229116120916261,-0.797108309615071
"SPINK5",-4.64712774587407,7.93964166042722,-3.48342007795173,0.000925489903214604,0.0230295092519375,-0.806895575131017
"NMT2",-1.15977158630017,8.0056091596642,-3.48049486370764,0.000933938629982095,0.0231954777073077,-0.815073981999564
"PRDX4",1.06027441625448,12.7288938137492,3.47979024127006,0.000935984665427013,0.0232020989591308,-0.817043320979306
"ARSB",1.07045865050599,7.74758300249688,3.47799657117043,0.000941212224023729,0.0232743932901354,-0.822055254366088
"GAN",-2.78830538336072,6.00851625031363,-3.47667623665985,0.000945077966874475,0.0232946533271763,-0.825743504406873
"CITED2",-1.40730235757379,9.28465485498083,-3.47554915439061,0.000948389814783709,0.0233321788584241,-0.828891199275777
"CSF3R",1.81292717483152,7.34196661046831,3.47422296118129,0.000952300842259399,0.023384276237703,-0.832594117572687
"ELOVL1",-1.61573770510908,10.5013143120987,-3.47074102787339,0.000962642269076349,0.0235765359055438,-0.8423117890811
"C1orf54",1.38295595265578,10.3740397951101,3.4696132066127,0.000966014714657464,0.0235765359055438,-0.845458047066679
"CREB3L2",1.13655963969416,11.7535896364377,3.46960304094865,0.000966045163259997,0.0235765359055438,-0.845486402966234
"CDK18",1.52126414073768,8.12363062155807,3.46916334090235,0.000967363042370269,0.0235765359055438,-0.846712841672515
"CST6",-4.83387172928094,7.63691009365776,-3.46622159890842,0.000976224086758839,0.0237034604424603,-0.854915525872227
"AKR1C1",-2.42275685164727,8.82043191793307,-3.466073499114,0.000976672219494091,0.0237034604424603,-0.855328363946903
"IVL",-3.60157037027168,8.43270885320441,-3.46447192436691,0.000981530883454856,0.0237034604424603,-0.859792125887684
"CYP39A1",-2.8434393589621,6.24940135495708,-3.46409478833848,0.000982678324507685,0.0237034604424603,-0.860843049061672
"KRT10",-1.89076494482085,12.7445250265551,-3.46181973163747,0.000989627254036298,0.0237773657612683,-0.867181114231711
"OXCT1",-1.32186805363215,10.2121696442535,-3.46134832824057,0.00099107292665821,0.0237773657612683,-0.868494053951323
"ANK3",-2.33865437402976,7.76355784534619,-3.46104140428256,0.000992015259922539,0.0237773657612683,-0.869348827354152
"TGM2",1.47928164914631,8.16374260788756,3.45525217675085,0.00100994965420413,0.0241628138370048,-0.88546236654692
"TRAF5",1.60692363232482,10.2199964029373,3.45164849622081,0.00102126830633008,0.0243888597916445,-0.895483823088965
"FLG",-6.07713228925556,7.21231872337835,-3.45007714862423,0.00102624126045845,0.0244628149819337,-0.899851433286956
"PHOX2B",1.49207676392121,5.89060855731527,3.44925208029945,0.0010288615980025,0.0244805225845886,-0.902144215472986
"ARG1",-3.68467712558023,8.06539703231153,-3.4470531430477,0.0010358762339218,0.024533653944064,-0.908253087753831
"ME1",-2.33002510138094,8.57938056426044,-3.44678357638192,0.00103673926859263,0.024533653944064,-0.909001795896034
"LEP",-3.6796240007878,4.68719981966091,-3.44536228765261,0.00104130089952826,0.0245969609220091,-0.912948720931519
"LIMK2",-1.14933307957794,9.05408201539082,-3.44438487376436,0.00104444894946064,0.0246267085931597,-0.915662384444258
"ZNF529",1.22913440660903,7.54341575532558,3.44015468456386,0.00105817785243527,0.0249053808987427,-0.927401136745383
"IGSF6",2.0155543636248,8.48218226825965,3.42942265285197,0.00109377983250191,0.0256507108561015,-0.957139948338566
"DHRS1",-1.25893063245674,10.3065189759277,-3.42742215201675,0.00110054050749286,0.0257629222211839,-0.962676643514163
"SMARCA2",-1.08253531782318,9.62811751286576,-3.42446452454737,0.00111060836941072,0.0259520117002622,-0.970858436497975
"SLC2A14",1.47534618842607,10.254463596948,3.41964256080481,0.00112720983130096,0.0261869931549291,-0.984187627872391
"EZR",-1.70675292865143,9.76903696851706,-3.41921367531583,0.00112869776463457,0.0261869931549291,-0.985372581628236
"KCNJ12",-2.09633067572033,4.73101071234336,-3.41661964078013,0.00113773698769985,0.0263498269673506,-0.992537464387141
"MARCKSL1",1.25610527712332,12.9038958905413,3.41466870161545,0.00114458040025318,0.0264613188632999,-0.997923712608817
"TMEM158",2.15703733113302,9.84089185423464,3.41345608240542,0.00114885359662959,0.0265131009671737,-1.00127054685439
"HSPB7",-1.39740779911735,7.26261977155619,-3.41194075035058,0.00115421477457821,0.0265897640383838,-1.00545176565589
"DOCK10",1.32420871230557,8.88813856159459,3.41114342430331,0.00115704518366966,0.0266079579362763,-1.00765131522721
"SLC39A2",-1.97488019466088,7.82471106982527,-3.40866960119535,0.00116586884325584,0.0267534808473712,-1.01447358247496
"TCHH",-2.62241370511909,6.50000214181054,-3.40816387577865,0.00116768049764343,0.0267534808473712,-1.015867860342
"COL7A1",-1.91089990071829,8.11801321467971,-3.40764872658474,0.00116952865120037,0.0267534808473712,-1.01728797869388
"KIAA1549L",1.24547389853189,8.45694341060454,3.40539148349087,0.00117765946232389,0.0268922972491089,-1.02350887417879
"C3orf52",-2.08253064617702,7.19472192273797,-3.4010280367299,0.00119352898867417,0.0272070358100044,-1.03552666448202
"COBL",-2.77805703847942,7.36176302400321,-3.39985453660513,0.00119783133990255,0.0272574569650774,-1.03875697200511
"SPC25",1.43131806672883,8.32487633434415,3.3970022403072,0.00120834987598645,0.0274011722312823,-1.04660543887403
"CDS1",-2.61330152988399,5.98723212893788,-3.39607935428804,0.00121177192179633,0.027431066125525,-1.04914394480678
"CLDN3",-1.83524828647746,4.4454679490175,-3.39451987830001,0.00121757528707397,0.0275047073860505,-1.05343242543651
"NMRK1",-1.32666580350151,9.78610250367266,-3.39407279902513,0.00121924387369716,0.0275047073860505,-1.054661629789
"FARP1",1.14380744039589,10.2172851536353,3.39136161116478,0.00122940899962418,0.0276861208050082,-1.06211349408626
"GLS2",-1.39348302311448,5.1335582109571,-3.38991976199058,0.00123484757738892,0.0277128701576146,-1.06607489227262
"CCNP",1.38086769936746,7.66869882199521,3.38756172340832,0.00124379106386301,0.0278637815262408,-1.07255105491405
"EFNA3",-2.85113244542025,6.68830273774834,-3.38666233754789,0.00124721834214525,0.0278637815262408,-1.07502035600437
"LAMC2",-1.92163796040004,6.40495803696587,-3.38646203392401,0.00124798285231418,0.0278637815262408,-1.07557023850112
"TMEM265",-1.04320964675034,7.19641444963711,-3.38297518630522,0.0012613625496166,0.02811436971701,-1.08513902080738
"WNT11",-1.9978645964662,4.50968028633724,-3.38026644840014,0.00127185003182575,0.0282997484043959,-1.09256794472442
"ENO2",2.65987044391175,10.6854931777529,3.37888717789598,0.00127722182633948,0.028370860977241,-1.09634917757296
"KLK10",-2.57681658423156,6.95260540834252,-3.37748284512153,0.00128271327497999,0.0284336223103143,-1.10019806101822
"NCAPH",1.80688561020893,8.00202536480611,3.37705045070811,0.00128440858507364,0.0284336223103143,-1.10138291838305
"YBX3",-1.00676992334426,12.0041037237191,-3.37482283343388,0.00129317614877851,0.0285308355396328,-1.10748548426205
"ZC2HC1C",1.41700655251726,7.19037489557611,3.36977941107373,0.00131323589098248,0.0288141267584396,-1.12129202634929
"GEMIN6",1.03776836544401,9.84787105593148,3.3690099140734,0.0013163222441214,0.0288141267584396,-1.12339733817903
"TOP6BL",-1.49660526376929,7.54737778315635,-3.36845968662924,0.00131853333953554,0.0288141267584396,-1.12490254060239
"FBXO3",-1.24432109303785,9.82903541079462,-3.36768344140808,0.00132165866264297,0.0288141267584396,-1.12702575792628
"MSMO1",-1.80952434734293,11.2740069286175,-3.36763401894729,0.00132185788463778,0.0288141267584396,-1.12716092916437
"CDKN1A",-1.51899416344136,10.7978490328943,-3.36717855025254,0.00132369521652775,0.0288141267584396,-1.12840658106467
"EPHX3",-3.70897132284309,6.11194846362472,-3.36609966631377,0.00132805700463114,0.0288608921389757,-1.13135674895638
"ENTPD3",-1.82382028229855,7.22837612193782,-3.36403086793118,0.00133645892688111,0.0289524940001921,-1.13701203220703
"LORICRIN",-6.09669172095591,6.9552254159403,-3.36393288714702,0.00133685809576854,0.0289524940001921,-1.13727981554863
"NDRG2",-1.8801214302933,8.76531501762538,-3.36342390009114,0.0013389334981299,0.0289524940001921,-1.13867080285507
"KLK8",-2.81678034370745,8.19641846644592,-3.36036991698358,0.00135145026696746,0.0291500252327514,-1.14701393392099
"ALOX12",-2.28569628193363,6.22374900991978,-3.35957837285996,0.00135471241846037,0.0291500252327514,-1.14917551342534
"KRT7",-3.51325431345255,4.65696002552549,-3.35956312981816,0.00135477531183736,0.0291500252327514,-1.14921713636998
"SERPINB2",-3.2677532634963,8.81467823023115,-3.35649172775433,0.00136750449386996,0.0293574624508104,-1.15760138469523
"NABP1",1.70715577193511,6.25591159702082,3.35580429729219,0.00137036893501385,0.0293574624508104,-1.15947721389263
"DENND1A",1.43223708829508,8.57824447249242,3.35516212529565,0.00137304991156987,0.0293574624508104,-1.16122931111065
"PHC2",1.00298693467633,11.6426493541402,3.35507304455314,0.001373422202239,0.0293574624508104,-1.16147234057696
"BTG2",-1.32929346190778,9.32573651720404,-3.35074754493428,0.0013916147588137,0.0296491255558363,-1.17326793020984
"CTSB",1.14683468697505,13.4845023691098,3.34770207313768,0.00140456001055126,0.0298761141559182,-1.18156676975728
"LILRB2",2.49524582050966,7.8288078660849,3.34668370802928,0.00140891405434352,0.0299199191442756,-1.18434065999776
"NIPAL2",-1.47750695747533,7.11217758133278,-3.34492062505661,0.00141648232097941,0.0300317284280497,-1.18914172103456
"NMU",-3.81514134977392,6.10083061181065,-3.34205782721989,0.00142885312654952,0.0302163153710335,-1.19693379807176
"ETS2",-1.82898165391416,9.08922701012492,-3.34183429492797,0.00142982334411594,0.0302163153710335,-1.19754202827569
"FCGR3B",1.9009013496384,9.68085771134723,3.33835107871699,0.00144502249565891,0.0304209773792012,-1.20701630388666
"ECHDC3",-1.67263670555114,8.91823513580657,-3.33822909954009,0.00144555751222581,0.0304209773792012,-1.20734796416723
"CXCL1",2.51199566613813,9.44725695711126,3.33801270843259,0.00144650709219302,0.0304209773792012,-1.20793630955531
"FGFBP1",-2.28970531635924,8.22270883627619,-3.32889490471338,0.001487057984214,0.0311732299938365,-1.23270332501435
"PAQR5",-1.38433666153748,4.59587692456583,-3.32771367841828,0.00149238927446629,0.0312347732741027,-1.23590858830995
"ALX1",2.48168227926296,9.0803923023989,3.32515974246609,0.00150397783361745,0.0314076940530859,-1.24283608006001
"GPSM2",-1.38511882292535,9.14232778948004,-3.32483248823151,0.00150546888436066,0.0314076940530859,-1.24372348987913
"CCNB1",1.44321490356439,10.3559710399419,3.32419236158433,0.00150838949395954,0.0314183556098057,-1.24545913996536
"PALMD",-2.25939623975782,8.76007068948126,-3.32268771936065,0.00151527557375877,0.0315114484948015,-1.2495379626873
"HS3ST1",1.48516925365966,6.66190451322842,3.32051009825503,0.00152529414572645,0.0316692840224956,-1.25543890292682
"TMEM121",1.82323087995999,7.27748722020044,3.3188469383754,0.00153298791220309,0.0317784250989127,-1.25994398846431
"TJP2",-1.84133682183194,9.15569785752588,-3.31714592129203,0.00154089468248037,0.0318582791308361,-1.26455003994072
"NCAPG2",1.37561056070796,9.84807286033022,3.31696741019051,0.00154172667624493,0.0318582791308361,-1.26503332356618
"MEIS2",1.49208730506285,10.1082613323369,3.31544662051083,0.00154883189099525,0.0319039795050349,-1.26914984790257
"KRT5",-5.70085206688608,8.04495939815549,-3.31325318148923,0.0015591342023322,0.032065537640709,-1.27508487008719
"S100A13",1.21180221414231,11.4654939689558,3.30979600642377,0.00157550349473781,0.0322657094602994,-1.2844339137427
"NAIP",1.23594365379872,7.75973325894156,3.30876611808754,0.00158041114704545,0.0322657094602994,-1.28721770336863
"RBM28",1.0395054700644,10.5695982244464,3.30859247845256,0.00158123999885968,0.0322657094602994,-1.28768699366109
"HOMER2",-1.548086064575,7.8342306819917,-3.30657373453,0.00159090642221986,0.0324122325614448,-1.29314176196808
"LHX6",1.26674261510629,8.83324182467797,3.30272265744974,0.00160950146714965,0.0326889246575768,-1.30354133734596
"MVD",-2.28712454417394,5.79597995342775,-3.30041642926565,0.00162073510232264,0.0328658864684057,-1.30976521073125
"HOPX",-3.39090858204942,9.65135225417329,-3.29802455363164,0.00163246401546262,0.0330134921201354,-1.31621710108042
"RERGL",-2.72140379864052,3.8766160059998,-3.29339783563214,0.00165537932003231,0.0334125246964416,-1.32868826627131
"PCDH17",1.05654316486024,8.69616910977991,3.29286587141645,0.00165803339779892,0.0334143701296756,-1.33012139435497
"PLEKHA1",-1.63920427398888,9.22437385143493,-3.29077167020675,0.00166852082922404,0.0335449153858268,-1.33576170522948
"FZD2",2.27341806782313,7.22995615235766,3.29054565249264,0.00166965642191898,0.0335449153858268,-1.3363702924694
"SH3TC1",1.49140482425319,8.96870117229772,3.28881566169416,0.00167837266898147,0.0336681557397683,-1.34102761370342
"JAG2",-1.35689096034477,9.1054055143416,-3.2868077589139,0.00168854290509912,0.0337522596438961,-1.34643101049458
"PNMA8A",1.91316807808782,10.1672643325536,3.28664009586452,0.00168939475850958,0.0337522596438961,-1.3468821008658
"SPAG5",1.14990462335221,9.20051092537795,3.2858765897923,0.0016932790640597,0.0337522596438961,-1.34893608333673
"TPX2",1.3661381324077,10.648628395884,3.28574777063629,0.0016939352555649,0.0337522596438961,-1.3492826002762
"OPLAH",-1.95747959002618,6.88496139405971,-3.28312146719474,0.00170736574332525,0.0338848431160091,-1.35634520136567
"LGALS7",-5.97945161619891,7.40875077308438,-3.28161390622153,0.00171512043699923,0.0339698236550723,-1.36039756193863
"CRYBG2",-1.33438975005548,6.81599615336199,-3.28127695956422,0.00171685817844104,0.0339698236550723,-1.36130310900675
"PCK1",-2.77800318259691,5.10827716367104,-3.27969743934182,0.00172502641067469,0.0340797263163443,-1.36554723675276
"PRSS16",-1.8539467956248,5.84304310799921,-3.27915736326868,0.00172782771780199,0.0340834275528293,-1.36699808619476
"MYO6",-1.73398495994079,8.62424804750012,-3.27859563183292,0.00173074589616166,0.0340894195469061,-1.3685069369748
"DLGAP5",1.44096429089964,9.47426715306324,3.27754084062608,0.00173623805752898,0.0340987659379883,-1.37133970428934
"MSR1",1.55793735006534,7.50574131720372,3.27750006644073,0.00173645069275437,0.0340987659379883,-1.37144919571112
"RIMBP2",-1.36542694525975,6.56571513013079,-3.27209928023987,0.00176483339576622,0.0345810558986981,-1.38594376005401
"CTSS",1.81144355274409,10.8809442043116,3.27181957837012,0.00176631514905537,0.0345810558986981,-1.38669397512606
"PSRC1",1.17705729715241,9.65906881175533,3.26908997699106,0.00178083718512748,0.0348130975365475,-1.39401299452913
"HOXD4",1.3209194642762,9.11360472928077,3.26782836391995,0.00178758715935791,0.034892737980341,-1.39739440840771
"SLC39A14",1.32158481992467,11.7721894474057,3.26443243110418,0.00180587625479049,0.0351445081883779,-1.40649184726074
"FA2H",-2.24491273917321,6.9072195095335,-3.26053372966905,0.0018270903053093,0.0353725365382521,-1.41692816569781
"MYOF",-1.61577582184222,9.88473737375661,-3.25960747081287,0.00183216475319552,0.0353725365382521,-1.41940638254633
"KIF23",1.72900658153379,8.32332470097289,3.25953099167157,0.00183258433164886,0.0353725365382521,-1.41961098182063
"PRR15L",-1.61259572645193,6.64705265171048,-3.25918980497534,0.00183445724613384,0.0353725365382521,-1.42052369447962
"HSPA2",-1.56694759582044,10.4494380184892,-3.25861901094086,0.0018375946002061,0.0353725365382521,-1.42205048585363
"P3H1",1.08442298174614,10.0993191120137,3.25840625859106,0.00183876527967131,0.0353725365382521,-1.42261952060632
"YOD1",-1.33276583785136,7.12534247294934,-3.25830986137365,0.00183929594086471,0.0353725365382521,-1.42287733952204
"KIF14",1.48283129806226,8.88893919537973,3.2524943047047,0.00187157832073506,0.0357822723226751,-1.43842162585047
"DGKA",-1.23442781736042,8.66738044336989,-3.2514196551923,0.00187760182595551,0.0358448758545153,-1.44129194566881
"IFNA17",1.15295574470086,8.43017393646081,3.24832590983787,0.00189504458038988,0.0360696081922647,-1.44955149742711
"KMO",1.28805362984576,7.62159466622112,3.2478621388313,0.00189767246107014,0.0360696081922647,-1.45078918747129
"RFC4",1.23099511482006,10.6562780423923,3.24676785475125,0.00190388663764587,0.0360872980560124,-1.45370907868809
"TJP3",-1.19378073738368,5.4554897566093,-3.24672358532853,0.00190413843565738,0.0360872980560124,-1.45382718905766
"NCF1",2.61403411168453,7.29193561307622,3.24524327464747,0.00191257629381646,0.036138899572126,-1.45777600433154
"CEBPA",-2.3585107964831,8.96620847364595,-3.24484028669627,0.00191487943476475,0.036138899572126,-1.45885078346066
"CD14",2.20115942989371,10.9475915471225,3.24478843235911,0.00191517598008583,0.036138899572126,-1.45898907362218
"BCL11A",-1.99965439540804,8.40091349965104,-3.24392971093557,0.00192009313618437,0.0361793271715433,-1.46127897359439
"EDN1",-1.89241014945009,7.38438805045059,-3.24290577086214,0.00192597188440387,0.0362377307370016,-1.46400890617086
"DNAJC25-GNG10",1.00389844884359,12.2413270448778,3.23940362210554,0.00194620704796554,0.0365656969717906,-1.47334151405463
"AZGP1",-3.01791771681714,8.63766561284031,-3.23643359126594,0.00196352424005811,0.0368008156626608,-1.48125067056639
"AATK",1.11301628343671,9.39482678157045,3.23628985930227,0.00196436595607116,0.0368008156626608,-1.48163330005382
"VAV3",-1.93686890228197,9.0837215135931,-3.23537051372699,0.00196975781594643,0.0368488840202662,-1.48408041643953
"LIMD2",2.04702815002753,6.55515600232784,3.23159561312537,0.00199204346168296,0.0372123992792035,-1.49412342266961
"BIRC5",1.43347598242365,9.40988592347054,3.22866643000993,0.00200949946385047,0.0374847832748875,-1.50191084058665
"DHCR7",-2.26885084716968,8.97974849132913,-3.22755516002805,0.00201615946007407,0.0375017164050011,-1.50486394420255
"UBAC1",-1.04352354940834,9.82761145409713,-3.22671796168198,0.00202119060947179,0.0375417440981519,-1.50708826177701
"GPX2",-2.14291233815348,6.84123453895803,-3.22590961662478,0.00202605956494117,0.0375786495978206,-1.50923554141663
"ISYNA1",1.88488489206506,9.54131276599448,3.22504940144118,0.00203125306458539,0.037621461234558,-1.51152019944656
"PRSS23",1.09291048246515,11.3028732287183,3.21964459357921,0.0020641717543532,0.0380856309225239,-1.52586525349087
"MICB",1.76356295547896,9.71744176034332,3.21934623107373,0.00206600349817372,0.0380856309225239,-1.52665666040738
"SLC38A2",-1.15274746679232,12.3909693883877,-3.219021630863,0.00206799805914157,0.0380856309225239,-1.52751760513802
"FPR3",1.40340305266629,8.59989171804961,3.21846462484848,0.00207142489547266,0.0380949354189958,-1.52899482500249
"KLF10",-1.23965391099922,11.1733256089007,-3.21655547422916,0.00208321099815044,0.0382175292650705,-1.53405668445935
"SFN",-2.89609642561502,11.2021699181794,-3.21643562061665,0.00208395301077269,0.0382175292650705,-1.53437439092537
"ESM1",1.7268887909668,7.78603530715153,3.21512560962799,0.0020920794891595,0.0382750896822058,-1.53784641640466
"DHRS7B",-1.02290747263266,9.5429156071513,-3.21482893251459,0.0020939240177928,0.0382750896822058,-1.53863258690244
"KRT1",-4.4424389588415,9.5983143963791,-3.21298904746645,0.00210539729767852,0.0382876922795401,-1.54350701018013
"TRIP13",1.13243390458077,9.504395653238,3.21112196802914,0.00211710053527717,0.038446899553592,-1.54845149962533
"PVRIG",1.58206628395608,8.16530026427787,3.20763910931606,0.00213909535938753,0.0386846940236533,-1.55766963817991
"ELF5",-1.76984566810873,5.55005876955708,-3.20652069308418,0.00214620376179148,0.0387594887119101,-1.56062829399371
"MGAT4A",1.09856617445961,7.73850185370069,3.20542815096731,0.00215316913822238,0.0388314970861434,-1.56351780990789
"NOL3",-1.14245660570008,8.5655613437059,-3.20471141375547,0.00215775014394862,0.0388603648162239,-1.56541303866534
"SFTPD",-1.89751287047209,4.90391775510032,-3.20404598072606,0.00216201143555202,0.0388834029078107,-1.5671723427384
"AIF1",2.57772405163155,9.17202528579229,3.20321012642883,0.00216737527100067,0.0388964648434523,-1.56938185472771
"CLDN1",-3.03664302312622,6.81932128412992,-3.20300338704474,0.00216870388382467,0.0388964648434523,-1.56992829139829
"BSPRY",-2.03230410303006,6.89434775959272,-3.19939647316988,0.00219200722011241,0.0391588442552835,-1.57945784187612
"ARHGEF2",1.18093083516017,10.8112806277048,3.19816881118961,0.00219999232921747,0.0391881147276865,-1.58269964815255
"UGT1A6",-1.1985226803235,7.93628859120348,-3.19655517782006,0.00221052947826983,0.0392323856587827,-1.58695934548619
"COL4A6",-1.40301227698781,6.49902237299129,-3.19640627423732,0.00221150421498622,0.0392323856587827,-1.58735234826114
"ELMO3",-1.79730247845749,7.16564358789842,-3.19192502004548,0.00224102848162879,0.0395945397994007,-1.5991737973301
"BGN",1.9505401433314,9.96623132526493,3.18686022407625,0.00227484272615357,0.0400833436571843,-1.61252068658538
"TCIRG1",1.36280094372197,9.75685802189904,3.18610891684623,0.00227989930670547,0.040096023194426,-1.61449929160718
"PHYHIP",-2.00950393901198,6.27693858665307,-3.18566386762993,0.00228289962969565,0.040096023194426,-1.61567119720901
"ETV5",1.62377210142266,10.9034830478716,3.18538410245614,0.00228478757830037,0.040096023194426,-1.61640781758617
"ZNF696",1.03887303014897,7.85805517360871,3.18113363030439,0.00231365206197445,0.0404935694444092,-1.62759372875718
"CFTR",-1.00129798807983,5.30573952703764,-3.18051781717477,0.00231786225402308,0.0405128765820469,-1.62921348992951
"FEN1",1.01191650957491,10.2807263321789,3.17854015982032,0.00233143177757635,0.0406955005994887,-1.63441379978173
"CEACAM5",-1.18951932154696,7.58061727003184,-3.17519915630388,0.00235452526371154,0.0409459213559541,-1.64319392690031
"NID2",1.86200713024038,9.42102004209446,3.17432284865144,0.00236061785913288,0.0409459213559541,-1.6454957852251
"PRAME",3.94878412256432,11.3157133151439,3.1742254074215,0.00236129623973821,0.0409459213559541,-1.64575171339657
"BTC",-2.15716917148019,5.21031086489825,-3.1741990705172,0.00236147962724729,0.0409459213559541,-1.6458208860016
"RAB20",1.25031561994648,10.3078367766172,3.17173662559052,0.00237868512603134,0.041189475907467,-1.65228660209911
"SLCO2B1",1.87243341181369,9.07218749570025,3.17059548811747,0.00238669825134756,0.0412734197603724,-1.65528172885461
"GZMA",1.8093938178067,8.53958053726749,3.16907817974492,0.00239739209164111,0.0413565568977643,-1.65926301554141
"CCL7",2.21883651914318,6.69704441326581,3.16856927721081,0.0024009888405064,0.0413565568977643,-1.66059803275613
"LOXL2",1.43793920275868,8.77005039130374,3.16732310959403,0.00240981771032992,0.0413597382562755,-1.66386650158488
"RNASE6",2.63591941034388,9.56228008426204,3.16730269136862,0.00240996262295725,0.0413597382562755,-1.66392004733083
"MACROD1",-1.10356273246673,8.76838425753509,-3.16674923123763,0.00241389376585824,0.0413597382562755,-1.66537137580611
"CTSV",-1.77986360209521,9.9681795049842,-3.16427569162587,0.0024315365585261,0.0416073558879551,-1.67185551848901
"CDC45",2.45077832676055,7.85999877919016,3.16020778804675,0.00246081453696278,0.0420531595641648,-1.6825113933368
"FUT1",-1.17730939354812,7.17484955514628,-3.15933311406644,0.00246715287048957,0.0421062909402009,-1.68480134408142
"ABLIM1",-2.07412528722241,9.53150121881853,-3.15493054607216,0.00249928920664149,0.0425433837668386,-1.69632077234213
"UPK1A",-1.3405163326588,7.33970584239207,-3.15160010508761,0.00252385985937215,0.0429056176093265,-1.70502744448601
"EPHA1",-1.17765875008801,7.39905814583483,-3.15109829112537,0.00252758160929014,0.0429129382858517,-1.70633876048658
"ADCY1",1.57937150634214,8.13306451184068,3.14954161994609,0.00253915956063614,0.0429823401309947,-1.71040564271398
"ITGA4",1.83314038313879,8.11561466870002,3.147125188994,0.00255723059849545,0.0431712699414288,-1.71671588606564
"DOK2",1.56077277279993,8.50816763862829,3.14684255925836,0.00255935207184021,0.0431712699414288,-1.71745371953946
"CAB39L",-1.20970413395578,4.57806591866486,-3.14511979272833,0.00257231919738802,0.0432160023144408,-1.72195016533321
"GRIN2D",1.64456553365645,4.74682526115787,3.14474413961227,0.00257515487185221,0.0432160023144408,-1.72293039488469
"DTL",1.62021930714594,10.2110503309536,3.14426837682504,0.00257875044342904,0.0432160023144408,-1.72417173218125
"MAP7",-2.13864470656001,7.22935683285925,-3.14385344037853,0.00258189016051456,0.0432160023144408,-1.7252542561807
"RPH3AL",-1.12479284300715,6.90304268791284,-3.14210181764051,0.00259518375438633,0.043271868252485,-1.72982293835451
"GINS2",1.55296418827079,9.18158125312694,3.14031984559241,0.00260877346270155,0.0433874964032723,-1.73446893549316
"STEAP1B",1.37579961060553,8.69994570338703,3.13862415587212,0.00262176704222475,0.0435480515459471,-1.73888824767073
"SGMS1",-1.5468842017126,9.134501359573,-3.13646963519328,0.00263836396794802,0.0437679742723591,-1.74450093470285
"WNT2B",-1.13096042015752,5.76794650567086,-3.13498096631607,0.00264988907144507,0.0439033082624806,-1.74837743724017
"COL6A3",1.95390016879951,12.6563488584162,3.13098615997699,0.00268104987535748,0.04432150626603,-1.75877350561678
"EDN2",-1.48071945130358,5.30310059910304,-3.12837720373865,0.0027015854694964,0.0445898391604602,-1.76555798072224
"TNNT2",-1.52565322642676,6.36589926335413,-3.12756151896492,0.00270803604217342,0.0446398001945629,-1.76767831138603
"CCDC33",1.13004784207387,6.40186715374201,3.12453947714853,0.0027320607598895,0.0449406480647516,-1.7755305409657
"TSPAN1",-1.70522237409923,4.86628745992249,-3.12439929754399,0.00273317999197393,0.0449406480647516,-1.77589464183876
"PTGER4P2-CDK2AP2P2",-1.2819256007858,4.57132388488801,-3.12278568646441,0.00274609444783855,0.0450961278405124,-1.78008498292828
"BBOX1",-3.24873655342029,6.65285232839879,-3.12137864738593,0.00275740221465077,0.0451113770098261,-1.78373763072176
"ADIRF",-4.18292644719304,6.19093960774798,-3.11992671016675,0.00276911649148734,0.0452462530482498,-1.78750560959423
"H4C7",1.03439364239745,6.01404825445473,3.11920601711042,0.00277494834994518,0.0452847954129352,-1.7893754464826
"PRKD1",1.18476716582883,8.65301514868434,3.11804148389897,0.00278439606977401,0.0453466557825136,-1.79239617822896
"TECR",-1.72022512338833,10.9037727413042,-3.11788172096065,0.00278569455340083,0.0453466557825136,-1.7928105316148
"CLEC2D",1.26968172051499,7.00012283605183,3.11619593272588,0.00279943048911211,0.0454544944737055,-1.79718179166338
"FOXN1",-1.06624203671307,4.02226769150785,-3.11589452246361,0.00280189307342346,0.0454544944737055,-1.79796317363489
"TPP1",1.03316582801233,11.7882346455369,3.11557564072775,0.00280450061010771,0.0454544944737055,-1.79878979059139
"ACSBG1",-2.45741796460588,7.05783373698627,-3.11536022614031,0.00280626336769176,0.0454544944737055,-1.79934816221148
"SPINT1",-2.97994376641298,7.84002518442293,-3.1120898722729,0.00283315265378015,0.0457196503126725,-1.8078218096036
"TRIM9",2.27209938867011,8.20817084711313,3.11055998051811,0.00284581422318446,0.0458595201233172,-1.81178366331277
"MAGEA12",3.24211401261606,10.4136016856115,3.10762026123795,0.00287029242656328,0.0459991149180094,-1.81939256143502
"PPARG",-2.34602073514803,6.63047109386969,-3.10705192005617,0.00287504750443428,0.0459991149180094,-1.820863013121
"HAL",-3.24784956476956,7.4928692385037,-3.10703786740614,0.00287516517050216,0.0459991149180094,-1.82089936868732
"UGT1A10",-1.92891565484502,6.39735274650752,-3.10579763571968,0.00288556767644817,0.0461089668299114,-1.82410750740748
"HSD11B2",-2.53064436600171,5.18036037593631,-3.10419757019378,0.00289904031852209,0.0462675479965846,-1.82824509097533
"POT1",1.02365432354596,10.0580564621914,3.10353729173993,0.00290461703056267,0.0462998795372943,-1.82995205201211
"LTB4R",-1.74756786307426,7.6021288998619,-3.10278103892634,0.00291101666858283,0.0463452336283902,-1.8319068096933
"TAF1A",1.35177119994287,8.36655562190935,3.1012655302613,0.00292388106944397,0.0464932747127804,-1.83582306623233
"TRAF1",1.4083525189136,8.85963266497525,3.09406434324854,0.00298573811906184,0.0473613617207389,-1.85441316426861
"TGFBR3",-1.2972331355428,9.76029745227545,-3.09324982667022,0.00299281119087332,0.0474158749912481,-1.85651392504811
"KRT8",-1.38444950154471,8.16361306599981,-3.0924757762829,0.00299954737722212,0.0474649250626204,-1.85850995168177
"DSG3",-2.6963310772755,7.69882842352957,-3.08757281055094,0.00304254581754202,0.0480287589769133,-1.87114483614515
"AMPD1",1.19225990646111,6.29969154180599,3.08708628051302,0.00304684390453017,0.0480384494210023,-1.87239783727179
"SLC1A6",-1.33325671357078,5.04291134057737,-3.08355159289493,0.00307824070454654,0.0483555948819082,-1.88149677368068
"PLOD3",1.74533535374461,12.4326580555749,3.08289904292687,0.00308406992550085,0.0483555948819082,-1.88317574237804
"CDCP1",-1.80782346254965,7.94825965451628,-3.08273895456004,0.00308550156773891,0.0483555948819082,-1.88358760052934
"RAC2",1.91670431086325,10.0457640978631,3.07947478650405,0.00311482820943752,0.048593513209444,-1.89198196450045
"MFAP3L",-1.35663709465206,8.19835944243957,-3.07921508409289,0.00311717263291053,0.048593513209444,-1.89264956015176
"VPS51",-1.26243790848872,11.1013061701079,-3.0770124051228,0.00313712336711009,0.0487818255372212,-1.89831018514876
"COXFA4L2",-2.03067600552978,8.28183360161748,-3.07681828561843,0.00313888730928205,0.0487818255372212,-1.89880891028638
"PLOD1",1.26631961291922,10.7325572966567,3.0715101237716,0.00318748254502809,0.0493654597331091,-1.91243771890862
"WNT3",-1.7732640744206,6.1730761129722,-3.0711193714947,0.00319108743394486,0.0493654597331091,-1.91344031634913
"NDST1",-1.11025344006305,8.27861428456555,-3.07099413389107,0.00319224362014351,0.0493654597331091,-1.91376163331817
"LPXN",1.39936714381664,10.8119603988489,3.0706555435343,0.00319537142531974,0.0493654597331091,-1.91463029362572
"PLA2G3",-1.85128019573208,6.99306287074824,-3.0681179842463,0.00321890396397321,0.0495884917668261,-1.9211382655184
"ST3GAL5",1.28946291923234,10.3671399387561,3.06733994331339,0.00322615162775083,0.0495884917668261,-1.92313290115333
"IGF2BP3",2.08348525977027,8.67173095862243,3.06703428787392,0.00322900305825049,0.0495884917668261,-1.92391639970682
"GSTO1",1.47196642061826,13.4264945776714,3.06664623231479,0.0032326265819313,0.0495884917668261,-1.92491103697084
"LPCAT3",-1.21614088496778,7.86780569117848,-3.06495153555116,0.00324849559239029,0.0496103099952081,-1.92925370799053
"SRPX",1.18248048838358,12.8350311981853,3.06481043979488,0.00324982007673899,0.0496103099952081,-1.92961518901794
"PCP4",-2.07321176046922,5.96270868879243,-3.06463147616645,0.00325150075707105,0.0496103099952081,-1.93007366865104
"CNIH3",2.18223471427755,9.01268522788701,3.06446416845006,0.00325307270848247,0.0496103099952081,-1.93050227008827
